id,name,screen_name,created_at,retweet_count,favorite_count,text
801092746714845184,b'Jorge Glas',JorgeGlas,2016-11-22 15:59:29,561,423,b'Hoy visit\xc3\xa9 a Pedro S\xc3\xa1nchez en el sur de Guayaquil https://t.co/o4jxcosono'
801460976893784072,b'Jorge Glas',JorgeGlas,2016-11-23 16:22:41,430,276,b'\xc2\xa1Gracias a los trabajadores de Coca Codo Sinclair! \n\nhttps://t.co/glVWNqvut6'
801428771261837312,b'Jorge Glas',JorgeGlas,2016-11-23 14:14:43,824,676,b'\xc2\xa1El sector arrocero aumentar\xc3\xa1 su producci\xc3\xb3n! Ayer se liber\xc3\xb3 una nueva variedad de arroz por el INIAP que permite pr\xe2\x80\xa6 https://t.co/wHYt5yYbYk'
801866111251869696,b'Jorge Glas',JorgeGlas,2016-11-24 19:12:33,573,488,b'\xc2\xa1Manab\xc3\xad est\xc3\xa1 de pie! \xc2\xa1Portoviejo no se detiene! Hoy entregamos 100 casas en el reasentamiento El Guabito https://t.co/Us90mETLyY'
802265888665767937,b'Jorge Glas',JorgeGlas,2016-11-25 21:41:07,324,237,b'Manab\xc3\xad y Esmeraldas est\xc3\xa1n de pie y no se detienen. Los invito a conocer algunas historias de la reconstrucci\xc3\xb3n. \nhttps://t.co/xdWsxaSQaZ'
802537406226464772,b'Jorge Glas',JorgeGlas,2016-11-26 15:40:02,383,362,"b'Ha partido un gran latinoamericano, pero nos quedar\xc3\xa1 siempre su legado de lucha.\n\xc2\xa1Hasta la victoria siempre comandante Fidel!'"
802303574721970176,b'Jorge Glas',JorgeGlas,2016-11-26 00:10:52,524,450,b'\xc2\xa1Ecuador no se detiene! \xc2\xa1Vamos por m\xc3\xa1s junto a @Lenin! #GuayaquilConLen\xc3\xadn https://t.co/FF8x2JjWIV'
803709577464119296,b'Jorge Glas',JorgeGlas,2016-11-29 21:17:50,522,296,b'Hoy inauguramos una Unidad de Vigilancia Comunitaria para m\xc3\xa1s de 600.000 personas de los sectores La Florida y Nuev\xe2\x80\xa6 https://t.co/Y78vLkmbcg'
803707754179362818,b'Jorge Glas',JorgeGlas,2016-11-29 21:10:35,598,381,"b'Hoy en Guayaquil, entregamos el emblem\xc3\xa1tico colegio \xc2\xa8Guayaquil\xc2\xa8 totalmente repotenciado \xc2\xa1La excelencia educativa no\xe2\x80\xa6 https://t.co/V98j3qbidy'"
804025272597180416,b'Jorge Glas',JorgeGlas,2016-11-30 18:12:17,424,294,b'\xc2\xa1Gracias a ustedes por innovar y emprender! @HandEyes1 ya est\xc3\xa1 entre los 5 finalistas en el concurso de History Cha\xe2\x80\xa6 https://t.co/1CHaoWqlbS'
804421097026449408,b'Jorge Glas',JorgeGlas,2016-12-01 20:25:09,249,208,b'Almorzamos junto a j\xc3\xb3venes emprendedores esmeralde\xc3\xb1os https://t.co/fxEDFhLIRH'
804397086263431171,b'Jorge Glas',JorgeGlas,2016-12-01 18:49:44,171,128,b'\xc2\xa1Gracias Cristian Banguera por el corte de pelo! https://t.co/YH2t6pRxwc'
804388577178189824,b'Jorge Glas',JorgeGlas,2016-12-01 18:15:56,287,225,b'Junto a Ecuador Estrat\xc3\xa9gico entregamos el asfaltado de m\xc3\xa1s de 18kms de calles en 7 barrios de Esmeraldas aleda\xc3\xb1os a\xe2\x80\xa6 https://t.co/mjwYZQxRef'
804369729779617792,b'Jorge Glas',JorgeGlas,2016-12-01 17:01:02,294,203,b'Entregamos junto a CFN un cr\xc3\xa9dito de $4.8MM para la construcci\xc3\xb3n de m\xc3\xa1s de 200 nuevas viviendas en Esmeraldas'
804350961082925057,b'Jorge Glas',JorgeGlas,2016-12-01 15:46:27,519,331,"b'Hoy en Esmeraldas posesionamos a Jos\xc3\xa9 Luis Cort\xc3\xa1zar, ex Secretario Nacional Anticorrupci\xc3\xb3n, como Gerente de Refinaci\xc3\xb3n de Petroecuador'"
804314495220858882,b'Jorge Glas',JorgeGlas,2016-12-01 13:21:33,278,245,b'Estamos saliendo rumbo a Esmeraldas para cumplir una intensa agenda de trabajo'
804830684686729216,b'Jorge Glas',JorgeGlas,2016-12-02 23:32:42,16,13,b'@SoySantiagoDiaz conocemos el problema Santiago y estamos trabajando fuertemente en solucionarlo @Salud_Ec'
804825596014510080,b'Jorge Glas',JorgeGlas,2016-12-02 23:12:29,220,144,"b'En mi visita a El Triunfo pude almorzar con Luis Ortiz y su familia, emprendedores y beneficiarios de Banecuador https://t.co/zGeQhyvd2f'"
804817407701372928,b'Jorge Glas',JorgeGlas,2016-12-02 22:39:57,182,135,b'\xc2\xa1Gracias por los reconocimientos al alcalde de El Triunfo y a la Uni\xc3\xb3n Nacional de Ca\xc3\xb1icultores! https://t.co/f7z7h1dVIr'
804785125913460736,b'Jorge Glas',JorgeGlas,2016-12-02 20:31:40,295,201,"b'En el Centro de Investigaci\xc3\xb3n de Ca\xc3\xb1a de Az\xc3\xbacar, en El Triunfo-Guayas \xc2\xa1Emprender, innovar y agregar valor para dar\xe2\x80\xa6 https://t.co/Ly3duFDQ5M'"
804761784074862592,b'Jorge Glas',JorgeGlas,2016-12-02 18:58:55,317,212,"b'Visit\xc3\xa9 la planta de etanol de SODERAL en Guayas, gran innovaci\xc3\xb3n para producir biocombustibles no contaminantes \xc2\xa1Fe\xe2\x80\xa6 https://t.co/0TApUyz0q8'"
804672301761437697,b'Jorge Glas',JorgeGlas,2016-12-02 13:03:21,242,197,b'\xc2\xa1Buen d\xc3\xada! Estamos comenzando la jornada en Radio Atalaya conversando sobre el trabajo que realizaremos hoy en Guayas'
804481939801591808,b'Jorge Glas',JorgeGlas,2016-12-02 00:26:55,256,196,"b'Continuamos entregando cr\xc3\xa9ditos productivos en Esmeraldas junto a Banecuador, hoy entregamos cr\xc3\xa9ditos por USD 704mi\xe2\x80\xa6 https://t.co/dVM3RFOpaD'"
805112537079513088,b'Jorge Glas',JorgeGlas,2016-12-03 18:12:41,140,103,b'Hoy reafirmamos nuestro profundo compromiso por la inclusi\xc3\xb3n y la igualdad de las personas con discapacidad junto a\xe2\x80\xa6 https://t.co/kUAI3ljJLB'
804844905738735620,b'Jorge Glas',JorgeGlas,2016-12-03 00:29:13,316,250,b'\xc2\xa1El 100% de Nobol ya tiene agua potable! Junto a la alcaldesa Mariana J\xc3\xa1come entregamos esta obra que beneficia a m\xc3\xa1s de 10.000 personas'
805877183625461760,b'Jorge Glas',JorgeGlas,2016-12-05 20:51:07,289,259,"b'Tierra hermosa que me acoge desde hace 10 a\xc3\xb1os, con la belleza de sus paisajes y la amabilidad de su gente \xc2\xa1Qu\xc3\xa9 viva Quito!'"
806565722319159303,b'Jorge Glas',JorgeGlas,2016-12-07 18:27:08,517,374,b'\xc2\xa1El futuro no se detiene! \xc2\xa1Ecuador no se detiene! Vamos por m\xc3\xa1s #ObrasConAmor https://t.co/4vNMZLDrgP'
807004180531576833,b'Jorge Glas',JorgeGlas,2016-12-08 23:29:24,316,174,b'Junto a @Lenin en las radios Modelo y Son de Manta conversando sobre reconstrucci\xc3\xb3n y nuestra visi\xc3\xb3n para el Ecuado\xe2\x80\xa6 https://t.co/u8BTSrhiOD'
806917811268370433,b'Jorge Glas',JorgeGlas,2016-12-08 17:46:12,285,179,"b'Conociendo junto a @Lenin el mercado ""Nuevo Tarqui"", una obra que traer\xc3\xa1 m\xc3\xa1s oportunidades para los comerciantes ma\xe2\x80\xa6 https://t.co/uWBnG7ogM5'"
806903194941030401,b'Jorge Glas',JorgeGlas,2016-12-08 16:48:07,333,235,b'Junto a @Lenin seguiremos reconstruyendo Manab\xc3\xad \xc2\xa1la dejaremos mejor que antes! https://t.co/Lz1KX5kcad'
806881907606769664,b'Jorge Glas',JorgeGlas,2016-12-08 15:23:32,125,48,"b'@HandEyes1 es una innovaci\xc3\xb3n que tuve el gusto de conocer cuando era prototipo, hoy es reconocida mundialmente \xc2\xa1s\xc3\xad\xe2\x80\xa6 https://t.co/tbyfSi1qQj'"
806870686954307584,b'Jorge Glas',JorgeGlas,2016-12-08 14:38:57,347,259,"b'\xc2\xa1Gracias a la C\xc3\xa1mara de Atuneros por el reconocimiento! Nuestro compromiso por seguir trabajando para crecer, gener\xe2\x80\xa6 https://t.co/HyrJmxadIe'"
806863403344101376,b'Jorge Glas',JorgeGlas,2016-12-08 14:10:00,507,320,"b'Comenzamos el d\xc3\xada desde Manta, conversando con atuneros sobre el acuerdo con la UE que permitir\xc3\xa1 el ingreso de nuestro at\xc3\xban con cero arancel'"
807370912962121729,b'Jorge Glas',JorgeGlas,2016-12-09 23:46:40,159,129,b'Creemos en nuestros j\xc3\xb3venes que son la generaci\xc3\xb3n del conocimiento https://t.co/FnwfHc9d1b'
807663157028257793,b'Jorge Glas',JorgeGlas,2016-12-10 19:07:56,549,453,b'\xc2\xa1Gracias a los trabajadores de la salud por su apoyo! https://t.co/F83RhON1oX'
808422676213665792,b'Jorge Glas',JorgeGlas,2016-12-12 21:26:00,326,251,b'\xc2\xa1Felicitaciones en su d\xc3\xada a los trabajadores petroleros! Ustedes son el motor de la Patria.'
808809374785343488,b'Jorge Glas',JorgeGlas,2016-12-13 23:02:36,256,234,b'\xc2\xa1Gracias El Oro! \xc2\xa1El futuro no se detiene! \xc2\xa1Vamos Ecuador! https://t.co/8fIp4Gwu9Q'
808797247156682752,b'Jorge Glas',JorgeGlas,2016-12-13 22:14:25,311,196,"b'Me reun\xc3\xad con peque\xc3\xb1os bananeros de El Oro que con su esfuerzo exportan, generan empleo y producci\xc3\xb3n en el Pa\xc3\xads \xc2\xa1El\xe2\x80\xa6 https://t.co/T64Pl8HjSH'"
808754069921824768,b'Jorge Glas',JorgeGlas,2016-12-13 19:22:50,389,212,b'Tuve el gusto de almorzar y conversar con j\xc3\xb3venes orenses \xc2\xa1muchas gracias por recibirme! https://t.co/lCC5NtNnCm'
808731957886676992,b'Jorge Glas',JorgeGlas,2016-12-13 17:54:58,297,228,"b'Inauguramos junto al Alcalde, el muro y drenaje que evita inundaciones a 15 mil personas en Santa Rosa, financiado\xe2\x80\xa6 https://t.co/OxxAZfdOuo'"
808699082621550593,b'Jorge Glas',JorgeGlas,2016-12-13 15:44:20,309,217,"b'Visit\xc3\xa9 Promaoro, empresa empacadora de camar\xc3\xb3n en El Oro, beneficiaria de un cr\xc3\xa9dito productivo de CFN para exporta\xe2\x80\xa6 https://t.co/vQ1jY16OFf'"
808485664144625664,b'Jorge Glas',JorgeGlas,2016-12-13 01:36:17,291,210,b'Saliendo a El Oro para tener una intensa agenda productiva e inaugurar una obra que controla inundaciones.'
809183053247639552,b'Jorge Glas',JorgeGlas,2016-12-14 23:47:28,401,234,"b'Grave incidente por ataque a campamento minero en Panantza, un polic\xc3\xada perdi\xc3\xb3 la vida y hay otros heridos \xc2\xa1No permitiremos la violencia!'"
809140491275145216,b'Jorge Glas',JorgeGlas,2016-12-14 20:58:20,443,272,b'USD1000 millones de inversi\xc3\xb3n llegan al pa\xc3\xads por la producci\xc3\xb3n minera de Fruta del Norte que firmamos hoy \xc2\xa1un paso m\xc3\xa1s hacia el desarrollo!'
809030191477641220,b'Jorge Glas',JorgeGlas,2016-12-14 13:40:03,599,386,"b'\xc2\xa1Buenas noticias! El Parlamento Europeo aprob\xc3\xb3 hoy el acuerdo comercial con Ecuador, 0% de arancel para casi toda nuestra oferta exportable'"
808874923921915904,b'Jorge Glas',JorgeGlas,2016-12-14 03:23:04,650,359,b'\xc2\xa1Tama\xc3\xb1a ridiculez public\xc3\xb3 El Universo el d\xc3\xada de hoy! Ya no saben de qu\xc3\xa9 hablar...\n\n\xc2\xa1Gracias a El Oro por una intens\xe2\x80\xa6 https://t.co/nAeabMmBxi'
809430897917358081,b'Jorge Glas',JorgeGlas,2016-12-15 16:12:19,616,382,"b'Inauguramos el acueducto La Esperanza, un hito m\xc3\xa1s de la Refiner\xc3\xada del Pac\xc3\xadfico que adem\xc3\xa1s abastece de agua a Manta\xe2\x80\xa6 https://t.co/arpAcDrxdk'"
809837706712907776,b'Jorge Glas',JorgeGlas,2016-12-16 19:08:49,358,301,b'Gracias a los quite\xc3\xb1os por su infinita generosidad y hospitalidad. Gracias a Luis por los sombreros y a Manuel por\xe2\x80\xa6 https://t.co/rQDIrzjfHK'
809830907460907012,b'Jorge Glas',JorgeGlas,2016-12-16 18:41:48,308,228,b'Disfrutando de Quito y sus tradiciones junto a @Lenin https://t.co/j2hbKpsTkG'
809750052348526592,b'Jorge Glas',JorgeGlas,2016-12-16 13:20:31,404,325,b'Empezamos el d\xc3\xada junto a unos vagos con suerte en Radio Canela \xc2\xa1gracias @jalaldubois y @rpadpre! https://t.co/RazXOuOafY'
810179975529824256,b'Jorge Glas',JorgeGlas,2016-12-17 17:48:53,279,259,b'Gracias a la red de maestros por su apoyo \xc2\xa1Gracias guerreros del conocimiento! \xc2\xa1Viva la revoluci\xc3\xb3n educativa! https://t.co/wQo6d2bxf1'
809947812486086657,b'Jorge Glas',JorgeGlas,2016-12-17 02:26:21,310,212,"b'Hoy inauguramos en Guayaquil el CRC ""Empresarios Construyendo Futuro"" junto a @viviana_bonilla y @ppsesa https://t.co/rf8AHpcmDh'"
809932469411647488,b'Jorge Glas',JorgeGlas,2016-12-17 01:25:23,235,178,"b'A pocos pasos est\xc3\xa1 la ""Hojalater\xc3\xada Silva"" de don Manuel, qui\xc3\xa9n por 47 a\xc3\xb1os elabora objetos de hojalata, es el \xc3\xbaltim\xe2\x80\xa6 https://t.co/JPXz664xuR'"
809932210753175554,b'Jorge Glas',JorgeGlas,2016-12-17 01:24:21,170,143,"b'Hoy conoc\xc3\xad a Luis L\xc3\xb3pez, un dise\xc3\xb1ador de sombreros ecuatorianos que tiene desde hace d\xc3\xa9cadas en La Ronda su local d\xe2\x80\xa6 https://t.co/SEWjNKqRFb'"
810513656316395520,b'Jorge Glas',JorgeGlas,2016-12-18 15:54:48,330,273,b'\xc2\xa1Feliz d\xc3\xada a nuestros queridos migrantes! Todos los d\xc3\xadas trabajamos para construir esa patria que los haga sentir b\xe2\x80\xa6 https://t.co/7L559PSFY6'
810971062653612032,b'Jorge Glas',JorgeGlas,2016-12-19 22:12:23,178,117,"b'En la \xc3\xbaltima d\xc3\xa9cada redujimos el trabajo infantil en un 50%, esos ni\xc3\xb1os hoy tienen un presente que nos permite so\xc3\xb1a\xe2\x80\xa6 https://t.co/ZMLtj1geJY'"
810937129509515264,b'Jorge Glas',JorgeGlas,2016-12-19 19:57:32,347,241,"b'\xc2\xa1Buenas noticias! La Asamblea Nacional aprob\xc3\xb3, con 97 votos a favor, el acuerdo con la Uni\xc3\xb3n Europea'"
810919504918249473,b'Jorge Glas',JorgeGlas,2016-12-19 18:47:30,328,220,"b'Todo el trabajo ha valido la pena, compartimos un almuerzo navide\xc3\xb1o con ni\xc3\xb1os que dejaron de trabajar y hoy estudia\xe2\x80\xa6 https://t.co/E4e1JOXO18'"
810834396232224768,b'Jorge Glas',JorgeGlas,2016-12-19 13:09:19,1009,559,"b'\xc2\xa1Fuerza Esmeraldas estamos con ustedes! Se suspenden las clases en la provincia por precauci\xc3\xb3n, el servicio el\xc3\xa9ctrico ya fue restituido'"
811258315221176320,b'Jorge Glas',JorgeGlas,2016-12-20 17:13:49,532,228,"b'El cambio verdadero es potenciar lo que tenemos, para construir juntos el Ecuador del futuro https://t.co/MeVdL2TY9v'"
811673910211125248,b'Jorge Glas',JorgeGlas,2016-12-21 20:45:15,221,157,"b'Entregamos una subestaci\xc3\xb3n el\xc3\xa9ctrica repotenciada, 16 veh\xc3\xadculos de trabajo y 2 gr\xc3\xbaas a la ciudadan\xc3\xada en Santo Domin\xe2\x80\xa6 https://t.co/lKOV24GaHv'"
811657364101271553,b'Jorge Glas',JorgeGlas,2016-12-21 19:39:30,178,147,b'Qu\xc3\xa9 gusto compartir el almuerzo con j\xc3\xb3venes destacados de Santo Domingo \xc2\xa1Gracias por su recibimiento y compromiso c\xe2\x80\xa6 https://t.co/caxkVSLhhJ'
811618247791493120,b'Jorge Glas',JorgeGlas,2016-12-21 17:04:04,526,300,"b'Entregamos en Santo Domingo las primeras de las 570 casas que tendr\xc3\xa1 la Urbanizaci\xc3\xb3n Senya, financiadas con un cr\xc3\xa9d\xe2\x80\xa6 https://t.co/1XF2HgzerB'"
811590402142826497,b'Jorge Glas',JorgeGlas,2016-12-21 15:13:25,382,220,"b'Hoy visit\xc3\xa9 a Pablo Aldaz, que a trav\xc3\xa9s de Facebook me invit\xc3\xb3 a compartir un desayuno con su familia en Santo Doming\xe2\x80\xa6 https://t.co/4YC3x34tJu'"
811563503186219009,b'Jorge Glas',JorgeGlas,2016-12-21 13:26:31,294,211,"b'Comenzamos una intensa agenda de trabajo en Santo Domingo, desayunando con Pablo Aldaz quien me invit\xc3\xb3 a visitarlo por Facebook.'"
811367121242488833,b'Jorge Glas',JorgeGlas,2016-12-21 00:26:10,424,361,b'Compartir tiempo con los m\xc3\xa1s peque\xc3\xb1os y verlos sonre\xc3\xadr es el mejor regalo que he podido recibir\n\xc2\xa1Felices fiestas! https://t.co/6x2mSBT9tC'
812037005244821504,b'Jorge Glas',JorgeGlas,2016-12-22 20:48:03,1366,237,"b'Cumplimos nuestro compromiso, es oficial, el acuerdo comercial con la UE entrar\xc3\xa1 en vigencia el 1 de enero de 2017 \xc2\xa1felicitaciones a todos!'"
812444920992714752,b'Jorge Glas',JorgeGlas,2016-12-23 23:48:58,173,149,"b'Festejamos la navidad en Manab\xc3\xad, junto a los albergados, entregamos 72 viviendas a familias que podr\xc3\xa1n pasar las fi\xe2\x80\xa6 https://t.co/jygUmiP0kp'"
812317492890701824,b'Jorge Glas',JorgeGlas,2016-12-23 15:22:37,1158,181,"b'En el Ecuador que construimos juntos, nadie est\xc3\xa1 solo \xc2\xa1Feliz navidad y un maravilloso 2017! https://t.co/rz9BK9MZVE'"
812289829375541250,b'Jorge Glas',JorgeGlas,2016-12-23 13:32:41,1261,173,b'\xc2\xa1El cambio no se detiene! \xc2\xa1Ecuador no se detiene! https://t.co/Z2Num9AxuI'
812098883438448641,b'Jorge Glas',JorgeGlas,2016-12-23 00:53:56,1312,242,b'Llegamos a todos los rincones del pa\xc3\xads con un mensaje de paz y esperanza \xc2\xa1Felices fiestas! \xc2\xa1Gracias Guayaquil por s\xe2\x80\xa6 https://t.co/ExMoAePJ0A'
812747756079108096,b'Jorge Glas',JorgeGlas,2016-12-24 19:52:19,444,379,"b'\xc2\xa1Feliz Navidad! Sigamos trabajando juntos, cada d\xc3\xada, para hacer un Ecuador y un mundo mejor para nuestros hijos. Un\xe2\x80\xa6 https://t.co/B8xeaQ1JGW'"
813081408637980680,b'Jorge Glas',JorgeGlas,2016-12-25 17:58:08,398,336,b'Toda mi solidaridad con Chile. Pueblo hermano y solidario. Nuestro afecto por fuerte terremoto ocurrido en Chilo\xc3\xa9.'
814621434802749440,b'Jorge Glas',JorgeGlas,2016-12-29 23:57:39,465,310,"b'Que gusto estar con @Lenin en Cuenca, el coraz\xc3\xb3n energ\xc3\xa9tico del Ecuador. Somos la D\xc3\xa9cada Ganada \xc2\xa1Gracias por su rec\xe2\x80\xa6 https://t.co/CHtAR4sS7A'"
814618621792153601,b'Jorge Glas',JorgeGlas,2016-12-29 23:46:28,190,132,b'Feliz de acompa\xc3\xb1ar a @Lenin en Cuenca! https://t.co/tDRS614R42'
814515345235046400,b'Jorge Glas',JorgeGlas,2016-12-29 16:56:05,2761,617,b'Las mentiras de Lasso no detendr\xc3\xa1n el futuro https://t.co/fZS7RMnORE'
814961029100740612,b'Jorge Glas',JorgeGlas,2016-12-30 22:27:05,258,223,b'Esmeraldas ya tiene una nueva Unidad de Vigilancia Comunitaria y 20 patrulleros altamente equipados \xc2\xa1Vamos por m\xc3\xa1s\xe2\x80\xa6 https://t.co/iYYj9MCZo1'
814874509249564672,b'Jorge Glas',JorgeGlas,2016-12-30 16:43:17,292,221,b'\xc2\xa1Nadie est\xc3\xa1 solo! Un abrazo grande a las 71 familias que visit\xc3\xa9 hoy en el albergue Paz y Progreso \xc2\xa1Vamos a reconstr\xe2\x80\xa6 https://t.co/sTIBSpyKBw'
814857167283093506,b'Jorge Glas',JorgeGlas,2016-12-30 15:34:22,506,369,"b'Este feriado pueden venir tranquilos a las playas de Manab\xc3\xad y Esmeraldas, hemos instalado 93 sistemas de alerta tem\xe2\x80\xa6 https://t.co/N7LgaVlXTY'"
814801642759524352,b'Jorge Glas',JorgeGlas,2016-12-30 11:53:44,553,421,"b'Ya estamos en la provincia de Esmeraldas para iniciar una fuerte, pero gratificante agenda de trabajo. \xc2\xa1Nadie est\xc3\xa1 solo!'"
815277882314526720,b'Jorge Glas',JorgeGlas,2016-12-31 19:26:08,365,365,"b'Un fuerte abrazo a todos los ecuatorianos, el pr\xc3\xb3ximo a\xc3\xb1o seguiremos construyendo el Ecuador que todos se merecen \xc2\xa1Feliz 2017!'"
816642635750408192,b'Jorge Glas',JorgeGlas,2017-01-04 13:49:11,750,610,b'Comenzamos el d\xc3\xada desayunando en el Mercado de Solanda en Quito \xc2\xa1gracias por el apoyo! https://t.co/2ExAy5Hrug'
816624816220471296,b'Jorge Glas',JorgeGlas,2017-01-04 12:38:22,731,518,"b'\xc2\xa1Buenos d\xc3\xadas! Comenzamos nuestra campa\xc3\xb1a positiva, de propuestas y conversando con los ecuatorianos sobre el pa\xc3\xads del futuro'"
817105054557671425,b'Jorge Glas',JorgeGlas,2017-01-05 20:26:40,507,342,b'Seguir\xc3\xa9 hablando de planes y propuestas para el futuro \xc2\xa1el futuro que no se detiene con Lenin presidente!'
817104679242964993,b'Jorge Glas',JorgeGlas,2017-01-05 20:25:11,588,433,"b'Si quieren encontrar algo sobre Glas, me van a encontrar en las hidroel\xc3\xa9ctricas, en la reconstrucci\xc3\xb3n, en los agricultores y emprendedores.'"
817104119286661120,b'Jorge Glas',JorgeGlas,2017-01-05 20:22:57,687,528,"b'Debo ser el candidato m\xc3\xa1s auditado, por contralor\xc3\xada, por la prensa y la oposici\xc3\xb3n \xc2\xa1por todos! Pueden seguir, no tengo nada que ocultar.'"
817103537511469056,b'Jorge Glas',JorgeGlas,2017-01-05 20:20:39,487,320,b'Las conclusiones son contundentes: todo corresponde a mis ingresos y los de mi esposa. Lo que tenemos es fruto de nuestro trabajo.'
817102746675462146,b'Jorge Glas',JorgeGlas,2017-01-05 20:17:30,528,347,"b'Son ex\xc3\xa1menes de todas mis cuentas, de mi esposa y mis hijos, revisaron cada dep\xc3\xb3sito, cada compra, cada cheque y transacci\xc3\xb3n.Todo dos Veces!'"
817101917629321217,b'Jorge Glas',JorgeGlas,2017-01-05 20:14:12,828,453,"b'Ante otro ataque de los candidatos de la banca, adjunto el resultado de dos ex\xc3\xa1menes patrimoniales de Contralor\xc3\xada G\xe2\x80\xa6 https://t.co/g47B2tVPkQ'"
817065695766843393,b'Jorge Glas',JorgeGlas,2017-01-05 17:50:16,524,397,b'\xc2\xa1Junto a @Lenin el cambio no se detiene! https://t.co/etJYkn2o0O'
817521111609081856,b'Jorge Glas',JorgeGlas,2017-01-06 23:59:56,328,398,b'Junto a @Lenin presentamos a los candidatos a asamble\xc3\xadstas por Pichincha \xc2\xa1El cambio no se detiene por apoyo popular\xe2\x80\xa6 https://t.co/biIqWazaEG'
817448825640153088,b'Jorge Glas',JorgeGlas,2017-01-06 19:12:42,308,207,"b'Compartimos un almuerzo en Salcedo con productores de helado que innovan, producen, exportan y generan empleo. https://t.co/r7r2U1zCSF'"
817416561183125505,b'Jorge Glas',JorgeGlas,2017-01-06 17:04:29,474,311,b'\xc2\xa1Gracias Pujil\xc3\xad! Juntos seguimos avanzando hacia el futuro https://t.co/cIYgv1xoCB'
817396802668339200,b'Jorge Glas',JorgeGlas,2017-01-06 15:45:58,293,197,"b'Gracias radio Sol de Pujil\xc3\xad por la entrevista, pudimos hablar de futuro, de empleo y de educaci\xc3\xb3n. https://t.co/OECXIHaQqU'"
817366282307796992,b'Jorge Glas',JorgeGlas,2017-01-06 13:44:42,454,335,b'\xc2\xa1Buenos d\xc3\xadas Cotopaxi! Comenzamos el d\xc3\xada con un desayuno en el mercado de Pujil\xc3\xad \xc2\xa1el cambio no se detiene! https://t.co/k1MYrZi8eB'
818170405588520960,b'Jorge Glas',JorgeGlas,2017-01-08 19:00:00,437,365,b'\xc2\xa1El cambio no se detiene con @Lenin presidente! #ElFuturoEsAhora https://t.co/XZ0ZiEmZMr'
818579105784463361,b'Jorge Glas',JorgeGlas,2017-01-09 22:04:01,183,160,"b'Continuamos conversando con los ciudadanos sobre el cambio verdadero, el del futuro, del empleo y la educaci\xc3\xb3n. https://t.co/d4RlSzJBQM'"
818538894031515649,b'Jorge Glas',JorgeGlas,2017-01-09 19:24:14,412,281,b'Estamos en entrevista en @ecuainm junto a Francisco Herrera Ar\xc3\xa1uz https://t.co/LCF12mRR6Z'
818955561677062145,b'Jorge Glas',JorgeGlas,2017-01-10 22:59:56,234,152,b'Gracias Santo Domingo \xc2\xa1Todos con @Lenin! \xc2\xa1Todo todito 35! https://t.co/GZ5SPhF12v'
818932191694557184,b'Jorge Glas',JorgeGlas,2017-01-10 21:27:04,262,199,b'Gran acogida de la gente en nuestra caminata por la avenida 3 de julio \xc2\xa1muchas gracias! https://t.co/JX7EceQytr'
818923423166406656,b'Jorge Glas',JorgeGlas,2017-01-10 20:52:13,234,201,b'Compartimos un almuerzo lleno de alegr\xc3\xada y esperanza en Santo Domingo https://t.co/bedJ91sciR'
818864371896041473,b'Jorge Glas',JorgeGlas,2017-01-10 16:57:34,1435,241,"b'Qu\xc3\xa9 alegr\xc3\xada o\xc3\xadr a los j\xc3\xb3venes hablar de desarrollo, de educaci\xc3\xb3n, de ecolog\xc3\xada y equidad de g\xc3\xa9nero \xc2\xa1juntos alcanzare\xe2\x80\xa6 https://t.co/cQSmgiLs0I'"
818849888914046985,b'Jorge Glas',JorgeGlas,2017-01-10 16:00:01,1313,237,b'\xc2\xa1Gracias a los j\xc3\xb3venes de Santo Domingo por compartir con nosotros sus ideas y propuestas! https://t.co/p4NnHYU9rn'
818839940008177664,b'Jorge Glas',JorgeGlas,2017-01-10 15:20:29,1325,189,"b'Desayunamos en Santo Domingo junto a la gente, conversando sobre el cambio que no se detiene con @Lenin presidente https://t.co/tiOFkw5mHw'"
818812608484704257,b'Jorge Glas',JorgeGlas,2017-01-10 13:31:53,1326,217,b'\xc2\xa1Santo Domingo no se detiene! Seguimos proponiendo el cambio verdadero a la ciudadan\xc3\xada. https://t.co/iUl0PNCzPW'
818800504738291712,b'Jorge Glas',JorgeGlas,2017-01-10 12:43:47,1284,208,b'Continuamos conversando con la ciudadan\xc3\xada en Majestad TV. El cambio no se detiene con @Lenin presidente https://t.co/GkwPDWJ0Iy'
818793607536709632,b'Jorge Glas',JorgeGlas,2017-01-10 12:16:23,1358,341,b'\xc2\xa1Buenos d\xc3\xadas Santo Domingo! Comenzamos el d\xc3\xada en Zaracay TV https://t.co/8jcl5rr5Lb'
818609262544953349,b'Jorge Glas',JorgeGlas,2017-01-10 00:03:51,143,111,b'\xc2\xa1Vamos por m\xc3\xa1s Harry junto a @Lenin ! https://t.co/D7f09B60M6'
819332408357089280,b'Jorge Glas',JorgeGlas,2017-01-11 23:57:23,220,164,b'\xc2\xa1Gracias Flavio Alfaro por el apoyo! Nuestro compromiso es seguir trabajando junto a ustedes https://t.co/kblFpYDpSS'
819270848636977153,b'Jorge Glas',JorgeGlas,2017-01-11 19:52:46,321,226,"b'Recorrimos las calles de El Carmen en Manab\xc3\xad junto a ciudadanos, comerciantes y emprendedores \xc2\xa1El cambio no se deti\xe2\x80\xa6 https://t.co/voCGXmRpDE'"
819244111144386560,b'Jorge Glas',JorgeGlas,2017-01-11 18:06:31,342,241,b'Seguimos conversando con los Manabitas en un recorrido por las calles de Pedernales \xc2\xa1Gracias por su c\xc3\xa1lido recibimi\xe2\x80\xa6 https://t.co/AS6Iu4agpp'
819231678468157445,b'Jorge Glas',JorgeGlas,2017-01-11 17:17:07,320,252,b'Les comparto un video de mi agenda de ayer en Santo Domingo \xc2\xa1Quedan nuevos sue\xc3\xb1os por alcanzar junto a @Lenin! https://t.co/vhb8t09aej'
819182775144222722,b'Jorge Glas',JorgeGlas,2017-01-11 14:02:47,503,289,"b'Empezamos nuestro recorrido en Pedernales, durante el d\xc3\xada estaremos visitando varias ciudades de Manab\xc3\xad \xc2\xa1el cambio\xe2\x80\xa6 https://t.co/X8grCsrc9E'"
819665757814583297,b'Jorge Glas',JorgeGlas,2017-01-12 22:01:59,204,163,b'Tuve el placer de almorzar con representantes agr\xc3\xadcolas de Manab\xc3\xad. Conversamos de producci\xc3\xb3n y exportaci\xc3\xb3n \xc2\xa1con\xe2\x80\xa6 https://t.co/2z21Ju2hEN'
819647535316893697,b'Jorge Glas',JorgeGlas,2017-01-12 20:49:35,326,262,"b'Por las calles de Portoviejo, todos coreamos en un s\xc3\xb3lo grito: \xc2\xa1Todo, todito 35! \xc2\xa1Manab\xc3\xad, el futuro no se detiene! https://t.co/kxd2t18TFt'"
819623988804648966,b'Jorge Glas',JorgeGlas,2017-01-12 19:16:01,1210,192,"b'\xc2\xa1Gracias a todos los ciudadanos y comerciantes de Alajuela por sus abrazos, calidez y energ\xc3\xada! \xc2\xa1Vamos a seguir reco\xe2\x80\xa6 https://t.co/PjF8aisX3p'"
819622641262850050,b'Jorge Glas',JorgeGlas,2017-01-12 19:10:40,1193,183,b'\xc2\xa1Gracias Portoviejo por abrirnos las puertas de sus hogares! Seguiremos construyendo un futuro potente para Manab\xc3\xad. https://t.co/ZtnZ94uAsD'
819544631146848258,b'Jorge Glas',JorgeGlas,2017-01-12 14:00:41,1357,278,b'\xc2\xa1Buen d\xc3\xada Portoviejo! Comenzamos el d\xc3\xada con energ\xc3\xada y optimismo \xc2\xa1vamos todos con @Lenin! https://t.co/SWiNUtevxC'
819356239981330432,b'Jorge Glas',JorgeGlas,2017-01-12 01:32:05,1316,262,b'\xc2\xa1Gracias Manab\xc3\xad por el apoyo a la lista 35! \xc2\xa1El cambio no se detiene! https://t.co/u4JYsZxVD9'
819346376169496576,b'Jorge Glas',JorgeGlas,2017-01-12 00:52:53,1234,197,b'Gracias por la entrevista en Radio Uni\xc3\xb3n de Chone. Hablamos de la reconstrucci\xc3\xb3n de Manab\xc3\xad y nuestras propuestas pa\xe2\x80\xa6 https://t.co/cmQObczjrK'
820047939469017089,b'Jorge Glas',JorgeGlas,2017-01-13 23:20:39,120,97,"b'Estamos en @radioatalaya680 conversando con la ciudadan\xc3\xada sobre futuro, empleo y las propuestas de la lista 35. https://t.co/aK5qZRbmYu'"
820032846056292355,b'Jorge Glas',JorgeGlas,2017-01-13 22:20:40,147,120,b'Almorzamos con lideresas de La organizaci\xc3\xb3n Manuelita S\xc3\xa1enz de Flor de Basti\xc3\xb3n que trabajan por un Ecuador mejor \xc2\xa1u\xe2\x80\xa6 https://t.co/fsL34fVDSo'
819962254468714496,b'Jorge Glas',JorgeGlas,2017-01-13 17:40:10,1308,192,"b'Empezamos nuestro recorrido por la Ciudadela el Fort\xc3\xadn en Guayaquil \xc2\xa1En Guayas todos somos 35, todos con @Lenin! https://t.co/KPbIg0Lqet'"
819944265786781696,b'Jorge Glas',JorgeGlas,2017-01-13 16:28:41,1152,170,"b'Gracias @decasaencasatc por la entrevista y el tigrillo, es un placer compartir la ma\xc3\xb1ana con ustedes. https://t.co/R8O7j6MFTW'"
819922643050708993,b'Jorge Glas',JorgeGlas,2017-01-13 15:02:46,1255,197,b'\xc2\xa1Gracias Manab\xc3\xad! Juntos nos pusimos de pie https://t.co/S8KWlHb3bf'
819907195986972673,b'Jorge Glas',JorgeGlas,2017-01-13 14:01:23,1256,219,b'\xc2\xa1Buenos d\xc3\xadas a mi querida Guayaquil! Hoy tendremos una intensa agenda de medios y recorridos por la Ciudad https://t.co/ybe00V0sry'
819747767216177157,b'Jorge Glas',JorgeGlas,2017-01-13 03:27:52,1184,195,b'Agradezco a  @capital_tv por recibirme en sus estudios y permitirme compartir nuestro plan de Gobierno con la ciuda\xe2\x80\xa6 https://t.co/q5UwDVw7QB'
819738511767203842,b'Jorge Glas',JorgeGlas,2017-01-13 02:51:05,1313,265,"b'Gracias Portoviejo por su apoyo a la lista 35. \xc2\xa1La cosa est\xc3\xa1 resuelta, Manab\xc3\xad una sola vuelta! https://t.co/qR02gQvIic'"
820274704615436288,b'Jorge Glas',JorgeGlas,2017-01-14 14:21:44,1384,238,"b'Terrible accidente en Milagro, en la v\xc3\xada Yaguachi-Jujan, chocaron dos buses, uno escolar. Un fuerte abrazo a los familiares, estamos con uds'"
820723354747412481,b'Jorge Glas',JorgeGlas,2017-01-15 20:04:30,1535,389,"b'\xc2\xa1Esta es la revoluci\xc3\xb3n de las mujeres! Gracias a ellas que con su trabajo, amor y paciencia nos acompa\xc3\xb1aron en esto\xe2\x80\xa6 https://t.co/bqnU5qqZyP'"
820684378577715205,b'Jorge Glas',JorgeGlas,2017-01-15 17:29:38,1658,470,b'\xc2\xa1Gracias Presidente! \xc2\xa1Gracias Lenin! \xc2\xa1Gracias pueblo ecuatoriano por estos 10 a\xc3\xb1os de revoluci\xc3\xb3n junto a ustedes! https://t.co/WnqB85LN95'
820656070234357760,b'Jorge Glas',JorgeGlas,2017-01-15 15:37:08,2652,474,b'Hoy festejamos 10 a\xc3\xb1os de progreso y justicia social. 10 a\xc3\xb1os de cambios que benefician a todos los ecuatorianos \xc2\xa1El cambio no se detiene!'
820481948749537281,b'Jorge Glas',JorgeGlas,2017-01-15 04:05:15,1425,356,b'En la megacaravana en Guayaquil junto a @Lenin \xc2\xa1todo todito 35! https://t.co/lXDRhaERw7'
821125976109228036,b'Jorge Glas',JorgeGlas,2017-01-16 22:44:23,199,170,b'\xc2\xa1Gracias Guayaquil! Gracias por tanto apoyo https://t.co/40e2KOk0ga'
821118229670150144,b'Jorge Glas',JorgeGlas,2017-01-16 22:13:36,159,148,b'\xc2\xa1Multitudinaria campa\xc3\xb1a por el distrito 2 de Guayaquil! Todos con @Lenin porque el cambio no se detiene'
821064794878918656,b'Jorge Glas',JorgeGlas,2017-01-16 18:41:16,357,277,"b'Casa a casa, puerta a puerta, conversando con los ecuatorianos sobre el futuro junto a @Lenin presidente. https://t.co/Sfby8urlkv'"
821044145284333568,b'Jorge Glas',JorgeGlas,2017-01-16 17:19:13,293,198,"b'Gracias Cristo del Consuelo por su cari\xc3\xb1o y recibimiento \xc2\xa1En Guayas todos somos 35, todos estamos con @Lenin! https://t.co/pKvFmtuZPF'"
821026634379751426,b'Jorge Glas',JorgeGlas,2017-01-16 16:09:38,264,208,b'Estamos recorriendo cada rinc\xc3\xb3n de Guayaquil. Iniciamos la semana desayunando en el barrio Cristo del Consuelo \xc2\xa1Tod\xe2\x80\xa6 https://t.co/X0CZRiHzGZ'
820823136090419200,b'Jorge Glas',JorgeGlas,2017-01-16 02:41:00,1500,332,b'As\xc3\xad fue nuestra agenda el viernes en Guayaquil \xc2\xa1El cambio no se detiene! \xc2\xa1Guayaquil no se detiene! https://t.co/MHBbJZr1AY'
821471125712621570,b'Jorge Glas',JorgeGlas,2017-01-17 21:35:53,184,163,b'Seguimos caminando por Guayaquil \xc2\xa1Las Malvinas son de la 35 y est\xc3\xa1n con @Lenin! https://t.co/rrsYq4gsvI'
821459615108001793,b'Jorge Glas',JorgeGlas,2017-01-17 20:50:08,258,212,b'Tuvimos el gusto de compartir el almuerzo con los vecinos de Las Malvinas \xc2\xa1recorreremos cada rinc\xc3\xb3n de Guayaquil co\xe2\x80\xa6 https://t.co/7MK3z9HIOI'
821428456143589376,b'Jorge Glas',JorgeGlas,2017-01-17 18:46:20,384,279,"b'\xc2\xa1Gracias j\xc3\xb3venes de la ESPOL! Aprovechen las oportunidades, el futuro es suyo si se lo proponen. https://t.co/NiwvPoffv6'"
821413228391657473,b'Jorge Glas',JorgeGlas,2017-01-17 17:45:49,276,163,b'Tuvimos un conversatorio junto a @Lenin con los rectores de las universidades del pa\xc3\xads. https://t.co/gIVitSlrOB'
821337195722182656,b'Jorge Glas',JorgeGlas,2017-01-17 12:43:41,308,238,b'Comenzamos la ma\xc3\xb1ana con Vicente Arroba Dito y Oswaldo Calder\xc3\xb3n en Radio Sucre https://t.co/tmndlbXvnn'
821147444901793793,b'Jorge Glas',JorgeGlas,2017-01-17 00:09:41,369,304,"b'El cambio verdadero lleg\xc3\xb3 a Guayaquil, el cambio que no se detiene, el cambio del futuro, el cambio con @Lenin y to\xe2\x80\xa6 https://t.co/Jia5Cnyk9L'"
821840058508378116,b'Jorge Glas',JorgeGlas,2017-01-18 22:01:53,231,174,"b'Seguimos recorriendo cada rinc\xc3\xb3n de El Oro, estamos en Pasaje conversando con los vecinos sobre las propuestas de\xe2\x80\xa6 https://t.co/MakiNTo79w'"
821786586354483211,b'Jorge Glas',JorgeGlas,2017-01-18 18:29:24,1215,267,b'Almorzamos y conversamos con los emprendedores del Mercado Santa Rosa en El Oro https://t.co/A5gCce5QTH'
821775829755723776,b'Jorge Glas',JorgeGlas,2017-01-18 17:46:40,1177,220,b'Les comparto un video de la agenda de ayer en Guayaquil junto a @Lenin https://t.co/OO68lVjSz1'
821768534967615488,b'Jorge Glas',JorgeGlas,2017-01-18 17:17:41,1197,216,"b'Iniciamos el recorrido puerta a puerta, conversando con los ciudadanos de Santa Rosa en El Oro \xc2\xa1Con @Lenin vamos ha\xe2\x80\xa6 https://t.co/WTDMGz59tV'"
821727391924056066,b'Jorge Glas',JorgeGlas,2017-01-18 14:34:11,1239,251,"b'\xc2\xa1Buen d\xc3\xada! Hoy estaremos en El Oro, conversando con los ecuatorianos sobre nuestra propuesta de futuro, empleo y ed\xe2\x80\xa6 https://t.co/ip7iiflWhJ'"
821560578036629504,b'Jorge Glas',JorgeGlas,2017-01-18 03:31:20,1225,240,"b'Hoy continuamos con el puerta a puerta en Las Malvinas, gracias por el apoyo y el recibimiento https://t.co/KbyYGdMy0l'"
821557034336317441,b'Jorge Glas',JorgeGlas,2017-01-18 03:17:15,1138,142,b'Les comparto el v\xc3\xaddeo de nuestra agenda de ayer en Guayaquil \nhttps://t.co/YfNXHcBTCe'
822204746270380032,b'Jorge Glas',JorgeGlas,2017-01-19 22:11:01,230,186,b'Recorrimos Naranjal conversando puerta a puerta con los vecinos \xc2\xa1El cambio no se detiene! https://t.co/Zu8aTnChVr'
822186102090006529,b'Jorge Glas',JorgeGlas,2017-01-19 20:56:56,225,169,"b'Gracias Radio Naranjal por la entrevista. Hablamos de producci\xc3\xb3n, innovaci\xc3\xb3n y empleo \xc2\xa1Guayas est\xc3\xa1 con @Lenin y la\xe2\x80\xa6 https://t.co/O85h18Fbjx'"
822144089177149440,b'Jorge Glas',JorgeGlas,2017-01-19 18:10:00,1142,181,b'Les comparto el video de nuestra agenda de ayer en El Oro https://t.co/0fau24Fk0l'
822128388806742017,b'Jorge Glas',JorgeGlas,2017-01-19 17:07:36,1194,250,"b'Continuamos recorriendo todo el pa\xc3\xads, llegamos a Balao en Guayas y seguimos conversando con la gente \xc2\xa1todos con\xe2\x80\xa6 https://t.co/jEm7RsEGEr'"
822084607235489792,b'Jorge Glas',JorgeGlas,2017-01-19 14:13:38,59,13,b'@Marcetrenk gracias por su mensaje y disculpe la demora en responderle. Una persona de mi equipo se comunicar\xc3\xa1 con usted.'
822060971741028352,b'Jorge Glas',JorgeGlas,2017-01-19 12:39:43,1262,260,"b'Comenzamos el d\xc3\xada en Radio Gaviota transmitiendo para todo El Oro, hablando sobre las propuestas de @Lenin para el\xe2\x80\xa6 https://t.co/qpazmi2KPb'"
822587724402225153,b'Jorge Glas',JorgeGlas,2017-01-20 23:32:51,282,115,b'Gracias por la entrevista a Radio Viva. Conversamos de emprendimiento y cr\xc3\xa9ditos productivos \xc2\xa1El futuro no se detie\xe2\x80\xa6 https://t.co/uzpAR8B6KQ'
822566742870413313,b'Jorge Glas',JorgeGlas,2017-01-20 22:09:28,371,198,"b'Continuamos visitando a l\xc3\xadderes barriales, ciudadanos y emprendedores en Los R\xc3\xados \xc2\xa1Gracias Valencia por su respaldo\xe2\x80\xa6 https://t.co/kqCTzdrkX0'"
822561326140637186,b'Jorge Glas',JorgeGlas,2017-01-20 21:47:57,363,185,b'Les comparto el video de nuestra agenda de ayer en Guayas https://t.co/bKockxDyXM'
822538029118136320,b'Jorge Glas',JorgeGlas,2017-01-20 20:15:22,425,244,b'A pesar de la fuerte lluvia seguimos recorriendo el pa\xc3\xads entero \xc2\xa1Gracias Buena Fe y Los Rios por su apoyo a la list\xe2\x80\xa6 https://t.co/Uc0LE0c0X2'
822439915489259521,b'Jorge Glas',JorgeGlas,2017-01-20 13:45:30,1218,217,b'\xc2\xa1Buenos d\xc3\xadas! Hoy estaremos visitando la provincia de Los R\xc3\xados \xc2\xa1Con la lista 35 vamos por el Ecuador del futuro! https://t.co/D6fuIP9LTy'
822281552491061252,b'Jorge Glas',JorgeGlas,2017-01-20 03:16:14,1322,301,"b'Finalizamos esta jornada en Guayas desde Naranjito, gracias por el cari\xc3\xb1o y la energ\xc3\xada \xc2\xa1Vamos por el Ecuador del em\xe2\x80\xa6 https://t.co/4TTQg6z7mb'"
822253298191396866,b'Jorge Glas',JorgeGlas,2017-01-20 01:23:57,1266,228,b'Continuamos el d\xc3\xada con una masiva concentraci\xc3\xb3n en Marcelino Maridue\xc3\xb1a \xc2\xa1Gracias Guayas por el apoyo recibido hoy a\xe2\x80\xa6 https://t.co/rWk0X0z0Zt'
822235672782184449,b'Jorge Glas',JorgeGlas,2017-01-20 00:13:55,1287,243,b'Gracias El Triunfo \xc2\xa1Juntos somos invencibles! https://t.co/5AUZovqVhV'
822923355485536257,b'Jorge Glas',JorgeGlas,2017-01-21 21:46:31,166,121,b'Llevamos nuestra propuesta de gobierno a cada uno de los hogares de Yaguachi \xc2\xa1Gracias por su apoyo a la candidatura\xe2\x80\xa6 https://t.co/rQhpTIJFQl'
822899120092409858,b'Jorge Glas',JorgeGlas,2017-01-21 20:10:13,195,173,b'Almorzamos con dirigentes barriales de Yaguachi \n\xc2\xa1Guayas vamos por una sola vuelta con @Lenin! https://t.co/V6agWaOAC3'
822883504778346496,b'Jorge Glas',JorgeGlas,2017-01-21 19:08:10,1176,168,"b'\xc2\xa1Gracias Milagro por el apoyo! Casa a casa, puerta a puerta, todo todito 35. https://t.co/HyUoTTJe0K'"
822840101055164416,b'Jorge Glas',JorgeGlas,2017-01-21 16:15:42,1187,159,b'Iniciamos el conversatorio con j\xc3\xb3venes en Milagro \xc2\xa1El futuro lo construimos juntos! https://t.co/5dVWbNAZJs'
822825945509822465,b'Jorge Glas',JorgeGlas,2017-01-21 15:19:27,1145,115,b'Gracias a @RadioMilagro por la entrevista. Seguimos conversando con los ciudadanos acerca del Ecuador del futuro https://t.co/XDr3cdS3oK'
822806725875171330,b'Jorge Glas',JorgeGlas,2017-01-21 14:03:05,1258,175,b'Les comparto el video de nuestra agenda de ayer en Los R\xc3\xados https://t.co/8vfaGtzzDM'
822804111104020482,b'Jorge Glas',JorgeGlas,2017-01-21 13:52:41,1208,144,"b'Comenzamos la agenda de hoy por Milagro, Yaguachi y Dur\xc3\xa1n \xc2\xa1junto a @Lenin vamos por m\xc3\xa1s desarrollo para el Ecuador!'"
822614160471158786,b'Jorge Glas',JorgeGlas,2017-01-21 01:17:53,1315,217,b'Gracias a los estudiantes de la Universidad T\xc3\xa9cnica Estatal de Quevedo por la invitaci\xc3\xb3n al conversatorio \xc2\xa1el futur\xe2\x80\xa6 https://t.co/zjEkBCLRr5'
823215336984023041,b'Jorge Glas',JorgeGlas,2017-01-22 17:06:45,331,257,b'Les comparto el video de nuestra agenda de ayer en Guayas https://t.co/eeDp61dNOw'
822967552582230016,b'Jorge Glas',JorgeGlas,2017-01-22 00:42:09,1355,312,"b'Gracias Guayas por un d\xc3\xada de campa\xc3\xb1a lleno de apoyo, cari\xc3\xb1o y convicci\xc3\xb3n \xc2\xa1junto a @Lenin el cambio no se detiene! https://t.co/L59BdUkXeE'"
822962155519672320,b'Jorge Glas',JorgeGlas,2017-01-22 00:20:42,1320,264,"b'Despu\xc3\xa9s conversar con la gente casa a casa, terminamos el recorrido por Duran con un multitudinario evento \xc2\xa1Gracias\xe2\x80\xa6 https://t.co/490RQWXWXN'"
823666293371006976,b'Jorge Glas',JorgeGlas,2017-01-23 22:58:41,223,191,b'\xc2\xa1Gracias Esmeraldas por su apoyo! Nuestra caravana de la alegr\xc3\xada y las propuestas lleg\xc3\xb3 a la provincia \xc2\xa1todo todito\xe2\x80\xa6 https://t.co/c67HnvXR78'
823658099395457024,b'Jorge Glas',JorgeGlas,2017-01-23 22:26:08,204,194,b'Llegamos a Esmeraldas para empezar una agenda de dos dias en la provincia verde \xc2\xa1Esmeraldas est\xc3\xa1 con @Lenin!'
824040033355268096,b'Jorge Glas',JorgeGlas,2017-01-24 23:43:48,160,150,b'Terminamos el d\xc3\xada con una gran caravana y un multitudinario evento en respaldo a nuestro pr\xc3\xb3ximo presidente @Lenin https://t.co/m75N4NZFdi'
824005036938317827,b'Jorge Glas',JorgeGlas,2017-01-24 21:24:44,158,144,"b'Seguimos recorriendo puerta a puerta a Esmeraldas. Caminamos por las calles del barrio ""El Panecillo"" recibiendo el\xe2\x80\xa6 https://t.co/l23lyAc4Pw'"
823984430519873542,b'Jorge Glas',JorgeGlas,2017-01-24 20:02:51,193,126,"b'Resumen del primer d\xc3\xada de agenda en Esmeraldas \xc2\xa1gracias por la alegr\xc3\xada, el cari\xc3\xb1o y el apoyo a @Lenin! \nhttps://t.co/z1kEkWIIbo'"
823941813056761858,b'Jorge Glas',JorgeGlas,2017-01-24 17:13:30,1160,194,b'\xc2\xa1Nos llena de energ\xc3\xada conversar con los estudiantes! Estuvimos en la Universidad Luis Vargas Torres de Esmeraldas \xc2\xa1\xe2\x80\xa6 https://t.co/5kYPS6ojtJ'
823926021023997954,b'Jorge Glas',JorgeGlas,2017-01-24 16:10:45,2059,193,"b'Visitamos el mercado central de Esmeraldas, conversamos con la gente y disfrutamos de un tremendo desayuno esmerald\xe2\x80\xa6 https://t.co/K7xly8QO6i'"
823888563943120896,b'Jorge Glas',JorgeGlas,2017-01-24 13:41:55,1148,162,b'Seguimos comunicando nuestras propuestas a la ciudadan\xc3\xada en radio La Voz de su Amigo https://t.co/gUEJ3HOzyu'
823866864937947136,b'Jorge Glas',JorgeGlas,2017-01-24 12:15:41,1142,175,b'Empezamos el d\xc3\xada en TeleCosta comunicando nuestras propuestas de empleo y desarrollo para la ciudadan\xc3\xada https://t.co/vhTwXV8opT'
823748361622790144,b'Jorge Glas',JorgeGlas,2017-01-24 04:24:48,1140,141,b'Terminamos la caminata por el barrio 24 de mayo cenando con Do\xc3\xb1a Carmen y su familia \xc2\xa1gracias por la invitaci\xc3\xb3n! https://t.co/R2ntrop7ny'
823735648783925248,b'Jorge Glas',JorgeGlas,2017-01-24 03:34:17,1173,199,"b'Terminamos el d\xc3\xada en una caminata por el barrio CODESA en Esmeraldas, puerta a puerta hablando con la ciudadan\xc3\xada https://t.co/5pnCKjHwqk'"
823686880399151104,b'Jorge Glas',JorgeGlas,2017-01-24 00:20:30,1243,232,b'\xc2\xa1Vamos por el cambio verdadero Esmeraldas! \xc2\xa1Vamos por m\xc3\xa1s y mejor futuro junto a @Lenin! https://t.co/LKxUegn6O7'
824383287292493830,b'Jorge Glas',JorgeGlas,2017-01-25 22:27:46,133,140,b'Seguimos caminando y conversando con los vecinos de Quito. Hoy recorrimos Cotocollao junto a los candidatos a asamb\xe2\x80\xa6 https://t.co/Irpxnl4SPl'
824358846810517504,b'Jorge Glas',JorgeGlas,2017-01-25 20:50:39,274,187,b'\xc2\xa1Trabajando en Quito como si no tuvi\xc3\xa9ramos ni un solo voto! Seguimos conversando sobre el cambio que no se detiene\xe2\x80\xa6 https://t.co/WuhC2b77lK'
824344394874650625,b'Jorge Glas',JorgeGlas,2017-01-25 19:53:13,188,106,b'Les comparto un v\xc3\xaddeo resumen de la agenda de ayer junto a @Lenin en Esmeraldas \n\nhttps://t.co/TKe0paKzTo'
824310289403441152,b'Jorge Glas',JorgeGlas,2017-01-25 17:37:42,1094,170,b'Desayunamos y recorrimos el mercado I\xc3\xb1aquito \xc2\xa1gracias por el apoyo a @Lenin! https://t.co/HBP86USbty'
824245974864424960,b'Jorge Glas',JorgeGlas,2017-01-25 13:22:08,1162,231,b'Comenzamos el d\xc3\xada conversando con @LuchoBaldeon y @DavilaAurelio en @LaRadioRedonda \xc2\xa1muchas gracias por la invitaci\xe2\x80\xa6 https://t.co/JFLsE3o2Zw'
824739112141877257,b'Jorge Glas',JorgeGlas,2017-01-26 22:01:41,163,138,b'Participamos en un conversatorio con futuros bachilleres en Los R\xc3\xados \xc2\xa1gracias por sus preguntas y comentarios! https://t.co/XXPPEuAfhu'
824709339873210368,b'Jorge Glas',JorgeGlas,2017-01-26 20:03:23,246,180,b'Multitudinario evento junto a los agricultores y ganaderos de Los R\xc3\xados en Babahoyo \xc2\xa1La misi\xc3\xb3n ahora tambi\xc3\xa9n es para\xe2\x80\xa6 https://t.co/dkToBlCMub'
824658184090583040,b'Jorge Glas',JorgeGlas,2017-01-26 16:40:07,1142,107,"b'Conversamos con Radio Libre en Babahoyo, Los R\xc3\xados. Con @Lenin repotenciaremos la agroindustria de la provincia https://t.co/eBsMjqqSdU'"
824628317626236928,b'Jorge Glas',JorgeGlas,2017-01-26 14:41:26,1169,137,"b'\xc2\xa1Buenos d\xc3\xadas! Empezamos hoy en @RadioHuancavilk hablamos del cambio verdadero junto a @lenin, el cambio que te acom\xe2\x80\xa6 https://t.co/kGKfLzy02f'"
824436927504019456,b'Jorge Glas',JorgeGlas,2017-01-26 02:00:55,1460,427,"b'Hoy estuvimos con el futuro, con los j\xc3\xb3venes, y no con el pasado. \n\xc2\xa1Gracias Lenin! \xc2\xa1Unidos vamos por el Ecuador del\xe2\x80\xa6 https://t.co/XGkl58yUih'"
825127240027488256,b'Jorge Glas',JorgeGlas,2017-01-27 23:43:58,77,64,b'Les comparto el video de la agenda junto a @Lenin en Los R\xc3\xados \xc2\xa1Con Len\xc3\xadn apostaremos por los agricultores! \nhttps://t.co/0fONaZiztr'
825123860420886529,b'Jorge Glas',JorgeGlas,2017-01-27 23:30:33,141,106,"b'Nuestra campa\xc3\xb1a habla con obras, con empleo, progreso y futuro \xc2\xa1Gracias Paj\xc3\xa1n, vamos por @Lenin Presidente! https://t.co/mfRq8Q6hh2'"
825102427334569985,b'Jorge Glas',JorgeGlas,2017-01-27 22:05:22,199,140,"b'Esta elecci\xc3\xb3n es sobre dos visiones de pa\xc3\xads: el \xc2\xa8s\xc3\xa1lvese quien pueda\xc2\xa8 o un pa\xc3\xads donde nadie est\xc3\xa1 solo, donde te acompa\xc3\xb1amos toda la vida.'"
825074110610944001,b'Jorge Glas',JorgeGlas,2017-01-27 20:12:51,111,83,b'Es un gran privilegio inaugurar una nueva Central de @35PAIS en Jipijapa \xc2\xa1@Lenin y la 35 no se detienen! https://t.co/qX2Gb4WRbF'
825036883164012547,b'Jorge Glas',JorgeGlas,2017-01-27 17:44:56,139,112,b'\xc2\xa1Gracias Caf\xc3\xa9 Radio por la entrevista! Hablamos sobre la reconstrucci\xc3\xb3n de Manab\xc3\xad y la importancia de la educaci\xc3\xb3n\xe2\x80\xa6 https://t.co/S2TLMrn8tb'
825029094312116224,b'Jorge Glas',JorgeGlas,2017-01-27 17:13:59,136,113,"b'Gracias Jaramij\xc3\xb3 por ese respaldo total que nos llena de fuerza, energ\xc3\xada y compromiso \xc2\xa1con @lenin el gobierno los a\xe2\x80\xa6 https://t.co/3zVL9KICmM'"
824982114164686849,b'Jorge Glas',JorgeGlas,2017-01-27 14:07:18,227,159,b'Iniciamos esta jornada desayunando con ciudadanos del Puerto Pesquero Artesanal de Jaramij\xc3\xb3 en Manab\xc3\xad \xc2\xa1Gracias por\xe2\x80\xa6 https://t.co/rZRrlGfG7Y'
824801373027987458,b'Jorge Glas',JorgeGlas,2017-01-27 02:09:06,331,205,b'\xc2\xa1Qu\xc3\xa9 orgullo acompa\xc3\xb1ar a este hombre extraordinario! Los invito a ver el documental sobre la vida de @lenin\nhttps://t.co/z6VUDU85VO'
824773514431459328,b'Jorge Glas',JorgeGlas,2017-01-27 00:18:24,277,221,"b'Estamos caminando por el coraz\xc3\xb3n de Babahoyo, puerta a puerta \xc2\xa1Con @Lenin Presidente daremos el pr\xc3\xb3ximo paso al fut\xe2\x80\xa6 https://t.co/7WJ5M0DfsA'"
825492832303607814,b'Jorge Glas',JorgeGlas,2017-01-28 23:56:42,115,98,b'Llegamos hasta San Lorenzo en Manab\xc3\xad. Con @Lenin Presidente cambiaremos el futuro del pa\xc3\xads \xc2\xa1Gracias por su voto de\xe2\x80\xa6 https://t.co/sdH5FbsWNj'
825443190559932417,b'Jorge Glas',JorgeGlas,2017-01-28 20:39:27,91,62,b'Gracias Radio @Modelo977 por invitarme a compartir esta interesante entrevista con ustedes https://t.co/YUF4RU0h88'
825422745324421121,b'Jorge Glas',JorgeGlas,2017-01-28 19:18:12,130,100,b'Les comparto el video de nuestra agenda de ayer en Manab\xc3\xad \xc2\xa1Junto a @Lenin dejaremos a Manab\xc3\xad y a Esmeraldas mejor q\xe2\x80\xa6 https://t.co/HDCo24NfpJ'
825412031910178816,b'Jorge Glas',JorgeGlas,2017-01-28 18:35:38,160,112,b'Participamos en un encuentro nacional con Mujeres de todo el pa\xc3\xads \xc2\xa1Con @Lenin estaremos junto a ustedes en todas la\xe2\x80\xa6 https://t.co/vfnNORpir4'
825387622239449093,b'Jorge Glas',JorgeGlas,2017-01-28 16:58:38,121,107,b'\xc2\xa1Junto a @Lenin llegamos a Portoviejo en la gran caravana del futuro! Gracias por su bienvenida y respaldo a la lis\xe2\x80\xa6 https://t.co/0hCOIoYT8w'
825179481035911170,b'Jorge Glas',JorgeGlas,2017-01-28 03:11:34,228,201,b'Gracias Montecristi por ese cari\xc3\xb1o infinito \xc2\xa1Con @Lenin Presidente nada nos detiene! https://t.co/Z8YwW0NEcu'
825736903983034368,b'Jorge Glas',JorgeGlas,2017-01-29 16:06:34,187,161,b'Les comparto el video de nuestra agenda del S\xc3\xa1bado en Manab\xc3\xad \xc2\xa1El cambio verdadero contin\xc3\xbaa! \xc2\xa1Siempre estaremos cont\xe2\x80\xa6 https://t.co/mo1IvislA1'
825533128689201152,b'Jorge Glas',JorgeGlas,2017-01-29 02:36:50,239,215,b'Terminamos la agenda de hoy en la parroquia Eloy Alfaro \xc2\xa1Manab\xc3\xad est\xc3\xa1 de pie y seguiremos trabajando en la reconstru\xe2\x80\xa6 https://t.co/5fGaD8t9qb'
826212585276051457,b'Jorge Glas',JorgeGlas,2017-01-30 23:36:45,157,122,b'Gracias San Miguel de los Bancos por su apoyo \xc2\xa1con @lenin te acompa\xc3\xb1aremos toda una vida! https://t.co/3kBlLTHOpA'
826191265117110277,b'Jorge Glas',JorgeGlas,2017-01-30 22:12:02,166,136,b'A pesar del mal clima seguimos llevando nuestra propuesta de progreso hasta Mindo y Nanegalito. https://t.co/PbCtX83EiO'
826174368279572481,b'Jorge Glas',JorgeGlas,2017-01-30 21:04:53,170,125,b'Seguimos recorriendo Pichincha difundiendo las propuestas de @Lenin \xc2\xa1Un gobierno que te compa\xc3\xb1ar\xc3\xa1 toda la vida! https://t.co/3yK8yYVaxa'
826132300496777216,b'Jorge Glas',JorgeGlas,2017-01-30 18:17:43,237,187,b'Comenzamos la caravana por Quito en Pomasqui \xc2\xa1gracias por el apoyo! \xc2\xa1Nunca los defraudaremos!'
826578456234360833,b'Jorge Glas',JorgeGlas,2017-01-31 23:50:35,196,161,"b'\xc2\xa1Todo Quito est\xc3\xa1 con @Lenin y la 35! Seguimos recorriendo el norte de la ciudad, puerta a puerta en El Inca. https://t.co/ZRUc3jfRum'"
826433017954570241,b'Jorge Glas',JorgeGlas,2017-01-31 14:12:40,189,119,b'Ahora estamos en Zarakay conversando sobre la propuesta de @Lenin de acompa\xc3\xb1arte Toda una Vida https://t.co/25B6PmOSXD'
826421013248348162,b'Jorge Glas',JorgeGlas,2017-01-31 13:24:58,272,179,b'Gracias Radio Canela por la entrevista \xc2\xa1as\xc3\xad da gusto empezar la ma\xc3\xb1ana! Gracias al equipo de Al Filo de Cama https://t.co/ArTL2G09Br'
826400287522971648,b'Jorge Glas',JorgeGlas,2017-01-31 12:02:36,187,196,"b'Comenzamos el d\xc3\xada lleno de energ\xc3\xada desde radio Canela con los amigos de ""A filo de cama""'"
826249961457217537,b'Jorge Glas',JorgeGlas,2017-01-31 02:05:16,221,170,b'Terminamos la agenda de hoy en Pedro Vicente Maldonado \xc2\xa1Con @lenin construiremos el pa\xc3\xads del trabajo y el desarroll\xe2\x80\xa6 https://t.co/DXl5bkTOfy'
826218601627709442,b'Jorge Glas',JorgeGlas,2017-01-31 00:00:39,364,255,"b'Mientras otros quieren reducir el Estado despidiendo a miles de trabajadores, @Lenin propone un gobierno que los acompa\xc3\xb1ar\xc3\xa1 toda la vida'"
826921022632947713,b'Jorge Glas',JorgeGlas,2017-02-01 22:31:49,139,87,b'Participamos en un di\xc3\xa1logo abierto con vecinos y l\xc3\xadderes barriales de El Calzado. \xc2\xa1Con @Lenin Presidente nada nos d\xe2\x80\xa6 https://t.co/6FGbWo1mPf'
826916070372020227,b'Jorge Glas',JorgeGlas,2017-02-01 22:12:09,119,80,"b'Llegamos al barrio El Calzado, en el sur de Quito. Con @Lenin te acompa\xc3\xb1aremos Toda Una Vida \xc2\xa1Gracias por el cari\xc3\xb1o\xe2\x80\xa6 https://t.co/RP2X9DH0FO'"
826895527275016194,b'Jorge Glas',JorgeGlas,2017-02-01 20:50:31,155,120,"b'Visitamos el mercado La Magdalena de Quito, conversamos con la gente y disfrutamos de un almuerzo con dirigentes ba\xe2\x80\xa6 https://t.co/uzBva40v4E'"
826824453258637312,b'Jorge Glas',JorgeGlas,2017-02-01 16:08:05,194,141,b'\xc2\xa1Hemos construido un camino irreversible hacia el futuro! Gracias @radioamericaec por permitirme compartir este esp\xe2\x80\xa6 https://t.co/tWb4by8vcF'
826791819908415488,b'Jorge Glas',JorgeGlas,2017-02-01 13:58:25,290,135,"b'Empezamos una nueva jornada en Radio @franciscostereo conversando sobre educaci\xc3\xb3n, salud y empleo como parte de la\xe2\x80\xa6 https://t.co/aHqvfsirZq'"
826621601458356225,b'Jorge Glas',JorgeGlas,2017-02-01 02:42:02,292,227,b'Terminamos el d\xc3\xada de campa\xc3\xb1a por Quito con un mitin en La Bota \xc2\xa1@Lenin ser\xc3\xa1 el Presidente del empleo y la inclusi\xc3\xb3n! https://t.co/MmhP74bEA6'
826613044834869248,b'Jorge Glas',JorgeGlas,2017-02-01 02:08:02,276,184,b'Recorrimos el Comit\xc3\xa9 del Pueblo \xc2\xa1con @Lenin el gobierno estar\xc3\xa1 Toda una Vida a tu lado! https://t.co/7Ggt8jSidV'
827267863383666688,b'Jorge Glas',JorgeGlas,2017-02-02 21:30:03,165,140,b'Compartimos un almuerzo con comerciantes y ciudadanos en el mercado 12 de Abril de Cuenca \xc2\xa1gracias por el recibimie\xe2\x80\xa6 https://t.co/Upkv314FhG'
827238900531884032,b'Jorge Glas',JorgeGlas,2017-02-02 19:34:57,149,120,"b'Cumplimos una gran agenda de medios en Cuenca, conversamos sobre el plan de gobierno en @unisontv https://t.co/wABlrhK50q'"
827206518877597696,b'Jorge Glas',JorgeGlas,2017-02-02 17:26:17,115,94,"b'Estamos en radio @complicefm comunicando a los ciudadanos nuestras propuestas de futuro, progreso y desarrollo para\xe2\x80\xa6 https://t.co/BcJUW64emb'"
827189396420038657,b'Jorge Glas',JorgeGlas,2017-02-02 16:18:15,250,160,b'Estamos recorriendo el coraz\xc3\xb3n de Cuenca con mucho entusiasmo \xc2\xa1Junto a @Lenin construiremos un nuevo Ecuador donde\xe2\x80\xa6 https://t.co/nM2Rf4JRjH'
827170978400608256,b'Jorge Glas',JorgeGlas,2017-02-02 15:05:04,130,78,b'Les comparto el video de la agenda de campa\xc3\xb1a de ayer en Quito \xc2\xa1Con @Lenin tu gobierno te cuidar\xc3\xa1 Toda una Vida! https://t.co/CSRiNQtfn4'
827142502402625540,b'Jorge Glas',JorgeGlas,2017-02-02 13:11:54,213,169,b'Empezamos la agenda de campa\xc3\xb1a en Cuenca en La Voz del Tomebamba \xc2\xa1junto a Cuenca vamos por m\xc3\xa1s! https://t.co/qcZX3EefoM'
826982883013304321,b'Jorge Glas',JorgeGlas,2017-02-02 02:37:38,284,199,b'Llegamos a Cuenca \xc2\xa1basti\xc3\xb3n de la candidatura de @Lenin y coraz\xc3\xb3n energ\xc3\xa9tico del pa\xc3\xads! https://t.co/f4EDzPR3Qs'
827632625678483457,b'Jorge Glas',JorgeGlas,2017-02-03 21:39:29,791,534,b'Estoy seguro que el pueblo ecuatoriano sabr\xc3\xa1 castigar en las urnas a quienes est\xc3\xa1n detr\xc3\xa1s de estas acciones \xc2\xa1Los ecuatorianos ya cambiamos!'
827632038358421512,b'Jorge Glas',JorgeGlas,2017-02-03 21:37:09,527,266,"b'...  y no hacer marco para convertirlo en perseguido pol\xc3\xadtico, garantizar su asilo e impunidad \xc2\xa1ya basta!'"
827631607569842176,b'Jorge Glas',JorgeGlas,2017-02-03 21:35:26,635,357,"b'Los ciudadanos merecen respeto y un periodismo m\xc3\xa1s serio, que comiencen por escrutar al delincuente sobre sus actos...'"
827631213816987649,b'Jorge Glas',JorgeGlas,2017-02-03 21:33:52,861,540,"b'Est\xc3\xa1n intentando enlodar mi gesti\xc3\xb3n, que fue honesta, eficiente y que cambi\xc3\xb3 la historia del pa\xc3\xads \xc2\xa1El pueblo lo sabe y por eso nos apoya!'"
827630844823162880,b'Jorge Glas',JorgeGlas,2017-02-03 21:32:24,672,352,"b'A pocos d\xc3\xadas de las elecciones lanzan una farsa para ensuciar la campa\xc3\xb1a, con falsas acusaciones que no pasan de generalidades sin sustento.'"
828088942385852416,b'Jorge Glas',JorgeGlas,2017-02-05 03:52:43,512,470,b'\xc2\xa1Terminamos tarde pero felices! Gracias Guayaquil y Dur\xc3\xa1n por el multitudinario apoyo \xc2\xa1junto a @Lenin construiremos\xe2\x80\xa6 https://t.co/qMnHi9dmLy'
828042637282271232,b'Jorge Glas',JorgeGlas,2017-02-05 00:48:43,637,544,b'La caravana de apoyo a @Lenin y a toda la lista 35 se tom\xc3\xb3 Guayaquil \xc2\xa1gracias a mi ciudad por el apoyo y por tanto\xe2\x80\xa6 https://t.co/3N5a9hoCYY'
828748943240679424,b'Jorge Glas',JorgeGlas,2017-02-06 23:35:20,193,175,"b'Visitamos la Cooperativa Pablo Neruda, conversamos puerta a puerta con los ciudadanos \xc2\xa1gracias por su apoyo a\xe2\x80\xa6 https://t.co/0xxEZ3sAXS'"
828703209384529920,b'Jorge Glas',JorgeGlas,2017-02-06 20:33:36,218,230,b'Llegamos hasta Causa Proletaria en Guayaquil. Conversamos puerta a puerta con la ciudadan\xc3\xada \xc2\xa1Gracias por este afect\xe2\x80\xa6 https://t.co/p1ibqqciJy'
828629050478444544,b'Jorge Glas',JorgeGlas,2017-02-06 15:38:55,195,188,b'Estamos en @CanelaRadioEc comunicando a los guayaquile\xc3\xb1os nuestras propuestas para acompa\xc3\xb1arte toda la vida https://t.co/pVl1oTqrsr'
828603233572626436,b'Jorge Glas',JorgeGlas,2017-02-06 13:56:20,190,185,"b'\xc2\xa1Buenos d\xc3\xadas Guayaquil! Empezamos esta jornada en Radio La Tuya, comunicando la propuestas de @Lenin de acompa\xc3\xb1arte\xe2\x80\xa6 https://t.co/q9IiFCp7kX'"
828441790936145921,b'Jorge Glas',JorgeGlas,2017-02-06 03:14:49,798,804,"b'Hoy qued\xc3\xb3 demostrado que la mejor opci\xc3\xb3n para el Ecuador del futuro, del empleo y de la gente es \xc2\xa1@Lenin presidente!'"
828439540134207489,b'Jorge Glas',JorgeGlas,2017-02-06 03:05:52,836,712,"b'\xc2\xa1Excelente @Lenin en el debate de hoy! Las mejores propuestas, fuerte liderazgo y apertura al di\xc3\xa1logo.'"
828436858757603328,b'Jorge Glas',JorgeGlas,2017-02-06 02:55:13,764,790,"b'\xc2\xa1Nunca les he fallado y nunca les fallar\xc3\xa9! Bien @Lenin, eres un orgullo para los que estamos contigo \xc2\xa1El cambio no se detiene!'"
829111942371500032,b'Jorge Glas',JorgeGlas,2017-02-07 23:37:45,165,152,b'Recorrimos La Florida al norte de Guayaquil \xc2\xa1con @Lenin el gobierno estar\xc3\xa1 Toda Una Vida a tu lado! https://t.co/qMu546eOY9'
829054051471982595,b'Jorge Glas',JorgeGlas,2017-02-07 19:47:43,182,177,b'Estamos recorriendo la parroquia Pascuales en Guayaquil. Llevamos puerta a puerta el mensaje de acompa\xc3\xb1arte Toda un\xe2\x80\xa6 https://t.co/Gxe9iI4lRB'
828998640417005569,b'Jorge Glas',JorgeGlas,2017-02-07 16:07:32,202,181,"b'Recorriendo el pa\xc3\xads con nuestra propuesta de acompa\xc3\xb1arte Toda una Vida, llegamos al Club de la Ma\xc3\xb1ana para hablar s\xe2\x80\xa6 https://t.co/eGFfIWtEfN'"
828975310658031618,b'Jorge Glas',JorgeGlas,2017-02-07 14:34:50,177,136,b'Empezamos este d\xc3\xada en @caravana750 conversando con los radioescuchas sobre nuestras propuestas para el desarrollo d\xe2\x80\xa6 https://t.co/K8SMAWTO2O'
828762196926689280,b'Jorge Glas',JorgeGlas,2017-02-07 00:28:00,372,318,b'\xc2\xa1Somos la caravana de la alegr\xc3\xada! Recorrimos desde El Cisne 2 hasta Febres Cordero en el sur de Guayaquil \xc2\xa1el futur\xe2\x80\xa6 https://t.co/KezR5W6MT1'
829421267963019269,b'Jorge Glas',JorgeGlas,2017-02-08 20:06:54,171,138,"b'Recorrimos el cant\xc3\xb3n de Tosagua, en Manab\xc3\xad difundiendo las propuestas de @Lenin \xc2\xa1Un gobierno que te compa\xc3\xb1ar\xc3\xa1 toda\xe2\x80\xa6 https://t.co/5HqzdppGKa'"
829393675864199168,b'Jorge Glas',JorgeGlas,2017-02-08 18:17:16,111,112,"b'Iniciamos esta jornada en Charapot\xc3\xb3, Manab\xc3\xad \xc2\xa1Con @lenin construiremos el pa\xc3\xads del trabajo y desarrollo para todos! https://t.co/p45p8u71bh'"
829379916311490564,b'Jorge Glas',JorgeGlas,2017-02-08 17:22:35,380,376,"b'Estoy seguro que los ecuatorianos castigar\xc3\xa1n las mentiras, los ataques y las infamias en las urnas.'"
829379653848690690,b'Jorge Glas',JorgeGlas,2017-02-08 17:21:33,282,176,b'Esto es lo que le dec\xc3\xada al Presidente sobre su huida del Pa\xc3\xads \xc2\xa1Digamos basta a tanta mentira! \xc2\xa1Exijamos una campa\xc3\xb1a\xe2\x80\xa6 https://t.co/ZjDS8KNjM4'
829379277141450753,b'Jorge Glas',JorgeGlas,2017-02-08 17:20:03,369,165,"b'Ahora un delincuente confeso, que est\xc3\xa1 pr\xc3\xb3fugo, es vocero de la oposici\xc3\xb3n y sus mentiras se publican en los medios \nhttps://t.co/hcRVv8qLZD'"
829783880139943940,b'Jorge Glas',JorgeGlas,2017-02-09 20:07:48,1141,175,b'\xc2\xa1Gracias Manta por su apoyo a @Lenin y la 35! El cambio verdadero contin\xc3\xbaa \xc2\xa1siempre estaremos contigo Manab\xc3\xad! https://t.co/MXOnUJukse'
829771641089585153,b'Jorge Glas',JorgeGlas,2017-02-09 19:19:10,1154,163,b'Conversamos con j\xc3\xb3venes de la Universidad Laica Eloy Alfaro de Manab\xc3\xad \xc2\xa1con su apoyo crearemos un futuro distinto pa\xe2\x80\xa6 https://t.co/ZcENtWJB0m'
829720354822225920,b'Jorge Glas',JorgeGlas,2017-02-09 15:55:22,1215,233,b'\xc2\xa1Gracias Manab\xc3\xad! https://t.co/oOqm6RuzOO'
829709929598554113,b'Jorge Glas',JorgeGlas,2017-02-09 15:13:57,1122,122,b'Hoy iniciamos esta nueva jornada en Radio Son de Manta conversando sobre el nuevo futuro para el pa\xc3\xads junto a @Lenin https://t.co/xXsWUt2VJ9'
829551037543546880,b'Jorge Glas',JorgeGlas,2017-02-09 04:42:34,1233,241,b'Terminamos esta intensa jornada en El Flor\xc3\xb3n \xc2\xa1Vamos juntos a erradicar la pobreza extrema en el Ecuador! https://t.co/5TlmJDJTVr'
829515006878310403,b'Jorge Glas',JorgeGlas,2017-02-09 02:19:23,1170,168,"b'Estamos en radio @capital1057 de Portoviejo conversando acerca de la repotenciaci\xc3\xb3n econ\xc3\xb3mica y el plan ""Toda Una V\xe2\x80\xa6 https://t.co/PnNf7PRJg9'"
829499501048127488,b'Jorge Glas',JorgeGlas,2017-02-09 01:17:47,1294,288,"b'\xc2\xa1Ni la lluvia nos detiene! Trabajamos como si no tuvi\xc3\xa9ramos un solo voto \xc2\xa1Gracias Jun\xc3\xadn, vamos por una sola vuelta! https://t.co/eJfsidAnHT'"
829481212897001474,b'Jorge Glas',JorgeGlas,2017-02-09 00:05:06,1187,170,b'Gracias a Chone por su respaldo y energ\xc3\xada \xc2\xa1con @Lenin trabajamos por un gobierno responsable y para todos! https://t.co/DIAh0HmDsm'
830196720067866624,b'Jorge Glas',JorgeGlas,2017-02-10 23:28:17,86,97,"b'Estamos en Antel TV comunicando a la ciudadan\xc3\xada nuestras propuestas de futuro, progreso y desarrollo para el Ecuado\xe2\x80\xa6 https://t.co/jbSvx9A9aA'"
830177147511828481,b'Jorge Glas',JorgeGlas,2017-02-10 22:10:30,1108,112,b'Recorrimos puerta a puerta el cant\xc3\xb3n Palestina en Guayas \xc2\xa1junto @Lenin construiremos un nuevo pa\xc3\xads d\xc3\xb3nde nadie est\xc3\xa1\xe2\x80\xa6 https://t.co/fnyrHtx9i1'
830171050130423812,b'Jorge Glas',JorgeGlas,2017-02-10 21:46:16,1126,126,b'En Santa Luc\xc3\xada nos reunimos con agricultores para firmar el Gran Acuerdo Agr\xc3\xadcola para generar m\xc3\xa1s empleo rural. https://t.co/eAMyEoC2dQ'
830142134917402624,b'Jorge Glas',JorgeGlas,2017-02-10 19:51:22,1132,109,b'En Manab\xc3\xad y Guayas conversamos con la ciudadan\xc3\xada sobre nuestra propuesta de cuidarte Toda una Vida \nhttps://t.co/D2omVtsEPH'
830087450122997762,b'Jorge Glas',JorgeGlas,2017-02-10 16:14:05,1145,121,"b'Visitamos @DVtelevision en Daule, continuamos difundiendo nuestro plan de gobierno Toda Una Vida \xc2\xa1con @Lenin vamos\xe2\x80\xa6 https://t.co/kv6FEwnFsr'"
829870801897795584,b'Jorge Glas',JorgeGlas,2017-02-10 01:53:12,1306,314,b'Concluimos esta jornada en la Universidad Estatal de Guayaquil \xc2\xa1Con @lenin construiremos el pa\xc3\xads de todos! https://t.co/FCgG3A8zdd'
829859024627699712,b'Jorge Glas',JorgeGlas,2017-02-10 01:06:24,1208,212,"b'Junto a @Lenin recorrimos el distrito 3 de Guayaquil \xc2\xa1Vamos por el futuro y el desarrollo del pa\xc3\xads, vamos por una s\xe2\x80\xa6 https://t.co/QSeMHoAwvY'"
830556149816651776,b'Jorge Glas',JorgeGlas,2017-02-11 23:16:31,198,179,"b'Visitamos Ventanas en Los Rios, contin\xc3\xbaa nuestro trabajo de llevar puerta a puerta el plan de gobierno Toda Una Vida https://t.co/PNUSZI4Xse'"
830506770401468416,b'Jorge Glas',JorgeGlas,2017-02-11 20:00:18,251,236,"b'Porque los ecuatorianos ante las adversidades nos hacemos m\xc3\xa1s fuertes, ante los ataques nos unimos y ante la bajeza\xe2\x80\xa6 https://t.co/UQSkbsRSgR'"
830503036099379202,b'Jorge Glas',JorgeGlas,2017-02-11 19:45:28,130,137,"b'En caravana desde Quevedo hasta Mocache, conversamos con los ciudadanos acerca del cambio verdadero \xc2\xa1gracias por su\xe2\x80\xa6 https://t.co/WF0E1QmY4N'"
830451834900926464,b'Jorge Glas',JorgeGlas,2017-02-11 16:22:01,111,104,b'Estuvimos en @ReyTvCanal39 de Quevedo conversando sobre nuestro plan de gobierno para los pr\xc3\xb3ximos 4 a\xc3\xb1os. Gracias\xe2\x80\xa6 https://t.co/jfdKGo0M88'
830433776597659648,b'Jorge Glas',JorgeGlas,2017-02-11 15:10:15,133,97,"b'La campa\xc3\xb1a de las propuestas y de la alegr\xc3\xada estuvo en Guayas, les comparto el video \nhttps://t.co/09FkGL1Tg9'"
830404684204666880,b'Jorge Glas',JorgeGlas,2017-02-11 13:14:39,139,144,b'\xc2\xa1Buenos d\xc3\xadas Quevedo! Estamos en Radio Viva comunicando a los radioescuchas nuestro plan integral Toda Una Vida https://t.co/bxtfMDwBZF'
830245387256594432,b'Jorge Glas',JorgeGlas,2017-02-11 02:41:40,269,221,"b'Avanzamos en caravana desde Balzar hasta El Empalme en Guayas \xc2\xa1juntos somos invencibles, vamos por una sola vuelta! https://t.co/QC8d7LtuEo'"
830881046199681024,b'Jorge Glas',JorgeGlas,2017-02-12 20:47:33,167,163,b'Tremenda caravana en Los R\xc3\xados \xc2\xa1gracias por el apoyo! \nhttps://t.co/caJhuIBGM8'
830833565755723782,b'Jorge Glas',JorgeGlas,2017-02-12 17:38:52,221,204,"b'Compartimos esta ma\xc3\xb1ana con los ciudadanos de Vergeles en Guayaquil \xc2\xa1vamos por @Lenin presidente, vamos por una sol\xe2\x80\xa6 https://t.co/O3GlJSz7do'"
830596893508038656,b'Jorge Glas',JorgeGlas,2017-02-12 01:58:25,360,286,b'La caravana de la alegr\xc3\xada se traslad\xc3\xb3 desde Pueblo Viejo hasta Vinces \xc2\xa1gracias por su apoyo a @Lenin y toda la list\xe2\x80\xa6 https://t.co/oEAXce23ms'
831237173705900032,b'Jorge Glas',JorgeGlas,2017-02-13 20:22:40,1749,819,"b'Aqu\xc3\xad est\xc3\xa1 el video donde se ve la violenta y mafiosa agresi\xc3\xb3n contra mi t\xc3\xado de 67 a\xc3\xb1os, el d\xc3\xada de ayer por parte de\xe2\x80\xa6 https://t.co/Jdw1wJjsUF'"
831631104465571841,b'Jorge Glas',JorgeGlas,2017-02-14 22:28:00,156,150,b'Seguimos trabajando para impulsar el cambio verdadero que el Ecuador se merece \xc2\xa1Gracias Samborond\xc3\xb3n por su apoyo a\xe2\x80\xa6 https://t.co/xCKl7YK6E4'
831574703080873985,b'Jorge Glas',JorgeGlas,2017-02-14 18:43:53,296,179,b'Mensaje de @Lenin a la naci\xc3\xb3n \xc2\xa1Nunca les fallaremos! \n\nhttps://t.co/dBA4edGMvD'
831530094191603712,b'Jorge Glas',JorgeGlas,2017-02-14 15:46:38,123,133,b'Empezamos esta jornada de trabajo en las radios La Otra 94.9FM y Carrousel 660AM \xc2\xa1compartimos nuestro mensaje posit\xe2\x80\xa6 https://t.co/uTovUND5Ld'
831500780939132931,b'Jorge Glas',JorgeGlas,2017-02-14 13:50:09,294,322,"b'El primer cierre de campa\xc3\xb1a fue en Manab\xc3\xad, una provincia muy especial por todo lo que vivimos y aprendimos juntos e\xe2\x80\xa6 https://t.co/igkZkcMBOr'"
831314648523739136,b'Jorge Glas',JorgeGlas,2017-02-14 01:30:31,1480,420,b'\xc2\xa1Manab\xc3\xad est\xc3\xa1 de pie y con @lenin! Nos ense\xc3\xb1aron a ser fuertes y valientes \xc2\xa1gracias Manab\xc3\xad! https://t.co/8VJckihxxM'
831997946212282371,b'Jorge Glas',JorgeGlas,2017-02-15 22:45:42,215,176,b'Seguimos recorriendo Guayaquil  \xc2\xa1Llevamos nuestro mensaje de cambio verdadero a todos los rincones del pa\xc3\xads! https://t.co/qgH9aFIqQl'
831975523211472898,b'Jorge Glas',JorgeGlas,2017-02-15 21:16:36,191,189,"b'Recorrimos puerta a puerta el barrio Las Delicias, compartimos nuestra propuesta de estar Toda Una Vida con ustedes\xe2\x80\xa6 https://t.co/xeLty6f1Ar'"
831890338230972416,b'Jorge Glas',JorgeGlas,2017-02-15 15:38:07,89,97,b'Estamos en @ondapositivaec conversando con los guayaquile\xc3\xb1os sobre nuestras propuestas \xc2\xa1faltan pocos d\xc3\xadas para eleg\xe2\x80\xa6 https://t.co/OzaKzWiVrv'
831880310648221697,b'Jorge Glas',JorgeGlas,2017-02-15 14:58:16,126,123,"b'Terminamos una entrevista en Radio Am\xc3\xa9rica en Guayaquil y seguimos con la agenda de medios, comunicando nuestro pla\xe2\x80\xa6 https://t.co/1zvwD7wllT'"
831692433524133892,b'Jorge Glas',JorgeGlas,2017-02-15 02:31:42,1389,581,b'Impresionante el cierre de campa\xc3\xb1a de @Lenin en Cuenca \xc2\xa1Una sola vuelta! \xc2\xa1Gracias Ecuador! https://t.co/s1UCQT2Q5c'
831664848681463809,b'Jorge Glas',JorgeGlas,2017-02-15 00:42:06,1168,244,"b'Caminamos puerta a puerta en Mapasingue, reafirmando nuestro compromiso con los ciudadanos \xc2\xa1Vamos todo 35! https://t.co/u1jRD4gSHK'"
832359333350535168,b'Jorge Glas',JorgeGlas,2017-02-16 22:41:44,419,304,b'La gente llega al hist\xc3\xb3rico cierre de @Lenin en Guayaquil \xc2\xa1Vamos Lenin! https://t.co/RHwgrQ5YzR'
832261817791557635,b'Jorge Glas',JorgeGlas,2017-02-16 16:14:14,104,143,b'Estamos en @lasMa\xc3\xb1anitasEc en Gama TV \xc2\xa1Hasta me hicieron cantar! Muchas gracias por la alegr\xc3\xada y el buen humor https://t.co/QPYzPEwDVk'
832246137943887873,b'Jorge Glas',JorgeGlas,2017-02-16 15:11:56,153,153,"b'Gracias por el apoyo, por el abrazo, por abrirnos las puertas de sus hogares \xc2\xa1Siempre les vamos a cumplir! \nhttps://t.co/BhBItSIZfB'"
832237463611523072,b'Jorge Glas',JorgeGlas,2017-02-16 14:37:28,256,189,b'\xc2\xa1Empezamos este \xc3\xbaltimo d\xc3\xada de campa\xc3\xb1a respondiendo las preguntas de los ciudadanos! Estamos en cadena AER hablando\xe2\x80\xa6 https://t.co/TpP2uhNecV'
832037214293020673,b'Jorge Glas',JorgeGlas,2017-02-16 01:21:45,487,442,b'Tremendo cierre de @Lenin en Quito \xc2\xa1Gracias por su apoyo al cambio verdadero! https://t.co/an49sFcWyk'
832023032843661312,b'Jorge Glas',JorgeGlas,2017-02-16 00:25:23,266,202,"b'Recorrimos a pie y en caravana desde Causarina hasta la Juan Tanca Marengo \xc2\xa1vamos por una sola vuelta, juntos vence\xe2\x80\xa6 https://t.co/Ju1OKzmoEb'"
832404314761134080,b'Jorge Glas',JorgeGlas,2017-02-17 01:40:28,1420,465,b'\xc2\xa1Gracias por su apoyo! Se vienen cuatro a\xc3\xb1os de mucho trabajo pero tambi\xc3\xa9n de muchas satisfacciones para el pueblo\xe2\x80\xa6 https://t.co/PztGfYUupf'
832403222455283712,b'Jorge Glas',JorgeGlas,2017-02-17 01:36:08,1239,314,"b'Inolvidable cierre de campa\xc3\xb1a en Guayaquil, con su apoyo @Lenin podr\xc3\xa1 gobernar con todos y para todos \xc2\xa1El cambio no\xe2\x80\xa6 https://t.co/7UZ40UEkIH'"
832402757474738176,b'Jorge Glas',JorgeGlas,2017-02-17 01:34:17,1330,353,"b'Cerramos esta campa\xc3\xb1a con alegr\xc3\xada, con propuestas y junto a la gente. Ante la campa\xc3\xb1a sucia planteamos una campa\xc3\xb1a\xe2\x80\xa6 https://t.co/EkDGruY214'"
833001933040390144,b'Jorge Glas',JorgeGlas,2017-02-18 17:15:11,400,442,b'\xc2\xa1Gracias @Lenin por tu amor a la Patria! \xc2\xa1Gracias Ecuador! https://t.co/V5g0ILqYmo'
832982706950696960,b'Jorge Glas',JorgeGlas,2017-02-18 15:58:48,434,379,"b'Hoy nos reunimos con Jos\xc3\xa9 Mujica, representante especial de la misi\xc3\xb3n electoral de Unasur. Ma\xc3\xb1ana ser\xc3\xa1 una fiesta d\xe2\x80\xa6 https://t.co/mI8sP0mYmJ'"
833124215280828416,b'Jorge Glas',JorgeGlas,2017-02-19 01:21:06,431,555,b'\xc2\xa1Gracias Ecuador! El apoyo durante  la campa\xc3\xb1a ha sido impresionante.  \nhttps://t.co/vk7gnJBot1'
