id,name,screen_name,created_at,retweet_count,favorite_count,text
800132106768809984,b'Guillermo Lasso',LassoGuillermo,2016-11-20 00:22:14,513,418,b'Mis comentarios sobre la consulta popular planteada por el Presidente Correa: https://t.co/5EEwrqS6yM'
800847277375909888,b'Guillermo Lasso',LassoGuillermo,2016-11-21 23:44:04,38,52,"b'As\xc3\xad ganaderos y agricultores podr\xc3\xa1n invertir en tecnificaci\xc3\xb3n, hacer m\xc3\xa1s eficiente su labor y generar nuevos puesto\xe2\x80\xa6 https://t.co/DyPnnkE2B3'"
800846846591528960,b'Guillermo Lasso',LassoGuillermo,2016-11-21 23:42:21,61,84,b'Nuestra propuesta para ganaderos y agricultores es otorgar cr\xc3\xa9ditos al 1% de inter\xc3\xa9s a 30 a\xc3\xb1os plazo @RadioMorena'
800845222787723264,b'Guillermo Lasso',LassoGuillermo,2016-11-21 23:35:54,24,35,"b'En @RadioMorena hablando de nuestro proyecto de CAMBIO. Tenemos que volver la mirada al campo, al agricultor, al ga\xe2\x80\xa6 https://t.co/3pJRaWy2KS'"
800733882165448705,b'Guillermo Lasso',LassoGuillermo,2016-11-21 16:13:29,202,211,b'\xc2\xa1Vamos @andrespaezec todos juntos por el CAMBIO que quiere el Ecuador! #VamosPorElCambio https://t.co/Zerq2UD82n'
800731451826335744,b'Guillermo Lasso',LassoGuillermo,2016-11-21 16:03:49,143,135,"b'Estuvimos en @radioi99 en el programa Di\xc3\xa1logo en la Ma\xc3\xb1ana junto a Eduardo Mendoza, Jos\xc3\xa9 Toledo, Ramiro Cepeda y Ja\xe2\x80\xa6 https://t.co/mRF19Biyz5'"
801125914276937728,b'Guillermo Lasso',LassoGuillermo,2016-11-22 18:11:16,183,211,b'Llegaremos a todos los cantones  para hacer conocer nuestra propuesta. No conseguir\xc3\xa1n distraernos de nuestro prop\xc3\xb3s\xe2\x80\xa6 https://t.co/gw0aH0QLtB'
801124762844008448,b'Guillermo Lasso',LassoGuillermo,2016-11-22 18:06:42,113,151,b'Llegamos a Cuenca y la prensa pregunta por nuestra propuesta #1MillonDeEmpleos en 4 a\xc3\xb1os. En nuestra campa\xc3\xb1a vamos\xe2\x80\xa6 https://t.co/Su4Wj65SNB'
801123452908343297,b'Guillermo Lasso',LassoGuillermo,2016-11-22 18:01:29,141,148,b'Con la presencia de medios de comunicaci\xc3\xb3n en una f\xc3\xa1brica de Dur\xc3\xa1n lanzamos nuestra propuesta de campa\xc3\xb1a\xe2\x80\xa6 https://t.co/amYrjmtknE'
801088270130184192,b'Guillermo Lasso',LassoGuillermo,2016-11-22 15:41:41,269,219,"b'Buscaremos que la econom\xc3\xada crezca en los pr\xc3\xb3ximos 4 a\xc3\xb1os, alrededor de 20.000 millones de d\xc3\xb3lares, para as\xc3\xad crear #1MillonDeEmpleos'"
801088198386524160,b'Guillermo Lasso',LassoGuillermo,2016-11-22 15:41:24,221,185,"b'En campo privado he creado m\xc3\xa1s de 100.000 empleos directos, dando oportunidad a muchas familias de vivir con estabilidad. #1MillonDeEmpleos'"
801087842239807488,b'Guillermo Lasso',LassoGuillermo,2016-11-22 15:39:59,193,171,b'Un empleo fijo y salario digno para los adultos mayores que tienen mente l\xc3\xbacida y son fuertes f\xc3\xadsicamente. #1MillonDeEmpleos'
801087770374520832,b'Guillermo Lasso',LassoGuillermo,2016-11-22 15:39:42,201,177,b'Un empleo y salario digno para los adultos que tienen 55 a\xc3\xb1os de edad y les dicen que no hay empleo para ellos. #1MillonDeEmpleos'
801087500462788608,b'Guillermo Lasso',LassoGuillermo,2016-11-22 15:38:38,160,119,b'Empleo con un salario digno para los j\xc3\xb3venes que no encuentran un trabajo porque les piden muchos a\xc3\xb1os de experiencia. #1MillonDeEmpleos'
801087418703167488,b'Guillermo Lasso',LassoGuillermo,2016-11-22 15:38:18,165,130,b'El plan #1MillonDeEmpleos es la respuesta a un padre y una madre que quieren un empleo fijo para poder sacar adelante a sus familias.'
801082915786473472,b'Guillermo Lasso',LassoGuillermo,2016-11-22 15:20:25,101,103,b'Estamos EN VIVO presentando nuestro plan #1MillonDeEmpleos. Sigan el evento en https://t.co/ULTISrXVhM'
801077974808174593,b'Guillermo Lasso',LassoGuillermo,2016-11-22 15:00:47,128,106,b'Hoy haremos la presentaci\xc3\xb3n oficial de nuestro plan #1MillonDeEmpleos y podr\xc3\xa1n verlo EN VIVO desde mi cuenta de Fac\xe2\x80\xa6 https://t.co/J99L7sbUOS'
801040840185573376,b'Guillermo Lasso',LassoGuillermo,2016-11-22 12:33:13,267,164,b'Fui empresario por m\xc3\xa1s de 40 a\xc3\xb1os y cre\xc3\xa9 m\xc3\xa1s de 100.000 empleos. A m\xc3\xad nadie me lo ha contado. #1MillonDeEmpleos'
801040597113073664,b'Guillermo Lasso',LassoGuillermo,2016-11-22 12:32:15,124,51,b'Nuestro objetivo en los primeros 4 a\xc3\xb1os de Gobierno es CREAR EMPLEO. #1MillonDeEmpleos'
801039394928869376,b'Guillermo Lasso',LassoGuillermo,2016-11-22 12:27:29,63,26,"b'Hoy, a las 10h30, en Dur\xc3\xa1n haremos la presentaci\xc3\xb3n de nuestro plan #1MillonDeEmpleos'"
801032900779081728,b'Guillermo Lasso',LassoGuillermo,2016-11-22 12:01:40,97,37,b'\xc2\xa1Buenos d\xc3\xadas! Ya estamos EN VIVO en enlace radial. Pueden seguirlo en las principales radios de Guayaquil. https://t.co/afgquxWdl4'
800863084969480192,b'Guillermo Lasso',LassoGuillermo,2016-11-22 00:46:53,64,29,b'En @CREsatelital cont\xc3\xa1ndole a los radio escuchas que me entusiasma poder crear 1 mill\xc3\xb3n de empleos durante los pr\xc3\xb3x\xe2\x80\xa6 https://t.co/d4Fo1ByOks'
801513757272899591,b'Guillermo Lasso',LassoGuillermo,2016-11-23 19:52:25,144,165,"b'Adem\xc3\xa1s, presentamos nuestra propuesta de #1MillonDeEmpleos  durante los 4 a\xc3\xb1os de gobierno. #VamosPorElCambio https://t.co/3mXdHdwRiU'"
801513483581980674,b'Guillermo Lasso',LassoGuillermo,2016-11-23 19:51:20,140,167,"b'En Azogues presentamos a nuestros candidatos a la asamblea por Ca\xc3\xb1ar: @hcastanierj, Katty Ochoa y Remigio V\xc3\xa1squez. https://t.co/gayr0LttGl'"
801493699469381632,b'Guillermo Lasso',LassoGuillermo,2016-11-23 18:32:43,173,197,"b'Un pa\xc3\xads que crece, una econom\xc3\xada que avanza y miles de familias que progresan.Eso es lo que queremos \xc2\xa1Vamos por el c\xe2\x80\xa6 https://t.co/O2b0Yn4Q7y'"
801492934357090306,b'Guillermo Lasso',LassoGuillermo,2016-11-23 18:29:41,138,158,b'Presentamos en Ca\xc3\xb1ar nuestra propuesta #1MillonDeEmpleos en 4 a\xc3\xb1os. Propuesta seria y posible. Conocemos las necesi\xe2\x80\xa6 https://t.co/HTs6PLefs5'
801491764200833024,b'Guillermo Lasso',LassoGuillermo,2016-11-23 18:25:02,127,143,"b'Gracias a toda la provincia del Ca\xc3\xb1ar, en especial a Azogues por el calor de CAMBIO que sentimos en sus calles\xe2\x80\xa6 https://t.co/kRqioFuN6l'"
801428872944291844,b'Guillermo Lasso',LassoGuillermo,2016-11-23 14:15:07,157,125,"b'Sobre candidaturas, destaqu\xc3\xa9 la preparaci\xc3\xb3n acad\xc3\xa9mica y mezcla de juventud y experiencia de nuestras listas @ondasazuayas #VamosPorElCambio'"
801428081944788992,b'Guillermo Lasso',LassoGuillermo,2016-11-23 14:11:59,171,141,b'En radio @ondasazuayas dej\xc3\xa9 claro que nuestra prioridad es la econom\xc3\xada familiar por sobre la del gobierno\xe2\x80\xa6 https://t.co/n8Ri7RBOTJ'
801426844373360640,b'Guillermo Lasso',LassoGuillermo,2016-11-23 14:07:04,161,122,"b'Comenzamos la jornada muy temprano en Cuenca, con una entrevista en @teleramaec para hablarles de nuestra propuesta\xe2\x80\xa6 https://t.co/7jmKMsiKdP'"
801839279873855489,b'Guillermo Lasso',LassoGuillermo,2016-11-24 17:25:56,218,226,"b'Nosotros proponemos crear #1MillonDeEmpleos en 4 a\xc3\xb1os. Para eso necesitamos generar CONFIANZA, eliminar el exceso d\xe2\x80\xa6 https://t.co/3tTeMSeW1a'"
801838221130862597,b'Guillermo Lasso',LassoGuillermo,2016-11-24 17:21:44,180,214,b'Hemos venido esta ma\xc3\xb1ana a una flor\xc3\xadcola en las cercan\xc3\xadas rurales de Quito a presentar nuestro plan\xe2\x80\xa6 https://t.co/z33L7khehg'
801786649558532096,b'Guillermo Lasso',LassoGuillermo,2016-11-24 13:56:48,415,374,b'\xc2\xa1Amigos! Con mucho gusto los invito a conocer con mayor detalle nuestro plan #1MillonDeEmpleos en 4 a\xc3\xb1os en el sigu\xe2\x80\xa6 https://t.co/NDBRQULis8'
801775474275926016,b'Guillermo Lasso',LassoGuillermo,2016-11-24 13:12:23,142,167,b'A inicio de semana presentamos nuestro plan #1MillonDeEmpleos en Guayaquil. Los invito a ver el VIDEO: https://t.co/HcFdc2Zqon'
801774576942321664,b'Guillermo Lasso',LassoGuillermo,2016-11-24 13:08:50,121,88,b'\xc2\xa1Buenos d\xc3\xadas! Hoy viajaremos a Quito a presentar nuestra propuesta #1MillonDeEmpleos en 4 a\xc3\xb1os.'
801624070005673984,b'Guillermo Lasso',LassoGuillermo,2016-11-24 03:10:46,213,285,b'Lo hemos pasado muy bien con amigos en el Monumental https://t.co/mZrUoQ8sZv'
802288649396252673,b'Guillermo Lasso',LassoGuillermo,2016-11-25 23:11:34,78,94,b'En una reuni\xc3\xb3n con emprendedores del sector camaronero. Vamos a bajar aranceles para insumos m\xc3\xa1s baratos\xe2\x80\xa6 https://t.co/lMe1qPHdhq'
802288044829188096,b'Guillermo Lasso',LassoGuillermo,2016-11-25 23:09:10,103,127,b'Hoy presentamos en Machala nuestro plan #1MillonDeEmpleos \xc2\xa1Vamos a defender los intereses de todos los Orenses! https://t.co/woAT3th2SM'
802194494162608128,b'Guillermo Lasso',LassoGuillermo,2016-11-25 16:57:26,244,272,b'Nos comprometemos a trabajar por las mujeres ecuatorianas y por un Ecuador de Cambio donde se sientan seguras y con\xe2\x80\xa6 https://t.co/NIarxzdv1W'
801997234590154752,b'Guillermo Lasso',LassoGuillermo,2016-11-25 03:53:35,178,172,b'Hemos terminado esta larga jornada de trabajo. \xc2\xa1Muchas gracias Quito! Esto nos compromete a seguir con m\xc3\xa1s entusias\xe2\x80\xa6 https://t.co/h7vla4UA1M'
801995868924682241,b'Guillermo Lasso',LassoGuillermo,2016-11-25 03:48:10,203,235,b'\xc2\xa1Gracias por el respaldo de la sociedad civil ecuatoriana en Quito! Justicia Social y Crecimiento Econ\xc3\xb3mico en Libe\xe2\x80\xa6 https://t.co/ZKgv5Ulucl'
802657772957560832,b'Guillermo Lasso',LassoGuillermo,2016-11-26 23:38:20,548,342,b'Se\xc3\xb1or @Lenin est\xc3\xa1 usted de acuerdo con esto que propone el Presidente @MashiRafael ? A los ecuatorianos nos interes\xe2\x80\xa6 https://t.co/UNo0TUTqoo'
802651280804114432,b'Guillermo Lasso',LassoGuillermo,2016-11-26 23:12:32,106,158,b'Con mi familia visitamos la Feria de las Huecas en #Quito. Recibimos el cari\xc3\xb1o de todos y probamos delicias de la c\xe2\x80\xa6 https://t.co/klpRIiXugf'
802619492442472448,b'Guillermo Lasso',LassoGuillermo,2016-11-26 21:06:13,91,111,b'Hoy en Madrid-Espa\xc3\xb1a la directiva de CREO Europa present\xc3\xb3 los candidatos de la alianza CREO 21- SUMA 23\xe2\x80\xa6 https://t.co/ADqnTmBK2G'
802549959786631168,b'Guillermo Lasso',LassoGuillermo,2016-11-26 16:29:55,110,166,b'Buenos d\xc3\xadas. Hoy estamos en reuni\xc3\xb3n estrat\xc3\xa9gica de comunicaci\xc3\xb3n y planificaci\xc3\xb3n con presidentes provinciales y cand\xe2\x80\xa6 https://t.co/oLCmz1Tzcx'
802935651406639105,b'Guillermo Lasso',LassoGuillermo,2016-11-27 18:02:31,152,161,"b'Gracias a Marlon, Carlos, Miguel, a sus familias y a #Esmeraldas por recibirnos con tanto cari\xc3\xb1o #VamosPorElCambio https://t.co/iHZv3t6sJ0'"
802933839685423110,b'Guillermo Lasso',LassoGuillermo,2016-11-27 17:55:19,147,142,"b'... y Miguel Cervera, vestidos con sus uniformes para reincorporarlos a sus puestos de trabajo 2/2 #VamosPorElCambio https://t.co/PAdasecYRS'"
802933629953474560,b'Guillermo Lasso',LassoGuillermo,2016-11-27 17:54:29,160,165,"b'Durante los primeros 30 d\xc3\xadas del gobierno del CAMBIO entraremos a la refiner\xc3\xada de Esmeraldas abrazados con Marlon Matamba,Carlos Estacio 1/2'"
802912406708125696,b'Guillermo Lasso',LassoGuillermo,2016-11-27 16:30:09,160,139,b'...que fueron despedidos por asistir a una reuni\xc3\xb3n conmigo en el Sindicato de Operadores de la Refiner\xc3\xada de Esmeral\xe2\x80\xa6 https://t.co/GjGAI7eljn'
802912162217914368,b'Guillermo Lasso',LassoGuillermo,2016-11-27 16:29:11,127,133,"b'Tambi\xc3\xa9n visitaremos las familias de Marlon Matamba, Miguel Cervera y Carlos Estacio, trabajadores de la Refiner\xc3\xada de Esmeraldas... 1/2'"
802905804282232833,b'Guillermo Lasso',LassoGuillermo,2016-11-27 16:03:55,118,102,"b'Acabamos de llegar a Esmeraldas, traemos el mensaje de nuestra propuesta #1MillonDeEmpleos Gracias por el recibimie\xe2\x80\xa6 https://t.co/LF8ggd4ieJ'"
803332803689594882,b'Guillermo Lasso',LassoGuillermo,2016-11-28 20:20:40,219,226,b'Vamos a levantar el \xc3\xa1nimo de nuestro pa\xc3\xads poni\xc3\xa9ndolo a producir y en el camino del progreso #VamosPorElCambio https://t.co/UDnZ75Q6EU'
803332211860766720,b'Guillermo Lasso',LassoGuillermo,2016-11-28 20:18:19,179,176,b'La causa central de nuestro proyecto de CAMBIO es la generaci\xc3\xb3n de empleo y la promoci\xc3\xb3n de emprendimientos.\xe2\x80\xa6 https://t.co/sBHR7gbXy0'
803712532934524928,b'Guillermo Lasso',LassoGuillermo,2016-11-29 21:29:34,111,132,b'Estamos en @manavisionec en Portoviejo para grabar una entrevista que saldr\xc3\xa1 ma\xc3\xb1ana 22h00 en el programa Voto 2017. https://t.co/nj90h4OtSM'
803698820223762432,b'Guillermo Lasso',LassoGuillermo,2016-11-29 20:35:05,157,255,b'Que descansen en paz las v\xc3\xadctimas de esta tragedia y que Dios bendiga a sus familias #Chapecoense https://t.co/ONdMq0xzvv'
803672048216240128,b'Guillermo Lasso',LassoGuillermo,2016-11-29 18:48:42,148,160,"b'Vamos todos juntos a crear ese #1MillonDeEmpleos ese mill\xc3\xb3n de oportunidades, ese mill\xc3\xb3n de sue\xc3\xb1os para las Betsys\xe2\x80\xa6 https://t.co/0WX6PZkMLF'"
803671386115883009,b'Guillermo Lasso',LassoGuillermo,2016-11-29 18:46:04,132,150,"b'Ella es Betsy, es madre soltera. Con su trabajo sostiene a 8 hijos y as\xc3\xad como ella hay tantas madres solteras pero\xe2\x80\xa6 https://t.co/vPgMbKjgFk'"
803653655215964161,b'Guillermo Lasso',LassoGuillermo,2016-11-29 17:35:37,100,101,b'Estamos EN VIVO en #YoPregunto hablando de nuestro plan #1MillonDeEmpleos. S\xc3\xadganlo en https://t.co/ULTISrXVhM'
803650408627507200,b'Guillermo Lasso',LassoGuillermo,2016-11-29 17:22:43,142,138,"b'En nuestro gobierno #Manab\xc3\xad ser\xc3\xa1 declarada zona franca, as\xc3\xad reactivaremos la econom\xc3\xada y generaremos empleo\xe2\x80\xa6 https://t.co/pwGdZYCNE8'"
803650219141464064,b'Guillermo Lasso',LassoGuillermo,2016-11-29 17:21:57,121,128,"b'Vamos todos por el CAMBIO. Desde aqu\xc3\xad, desde #Manab\xc3\xad se los digo, vamos a cumplir nuestra promesa. Vamos por la esp\xe2\x80\xa6 https://t.co/kUATPzI3OY'"
803648617814728704,b'Guillermo Lasso',LassoGuillermo,2016-11-29 17:15:36,79,74,b'Porque 6 de cada 10 ecuatorianos no tienen un trabajo estable. Para todos ustedes va dedicado nuestro esfuerzo #1MillonDeEmpleos en 4 a\xc3\xb1os.'
803647100076507140,b'Guillermo Lasso',LassoGuillermo,2016-11-29 17:09:34,57,67,b'Hemos venido esta ma\xc3\xb1ana a Manab\xc3\xad para presentar nuestra propuesta #1MillonDeEmpleos en 4 a\xc3\xb1os https://t.co/pdiGeGZfqq'
803638246706024449,b'Guillermo Lasso',LassoGuillermo,2016-11-29 16:34:23,131,148,b'Llegamos a Manta para presentar la propuesta #1MillonDeEmpleos en una empresa atunera. Seguimos llevando el mensaje\xe2\x80\xa6 https://t.co/ry1a1S5Ld2'
803573823169765376,b'Guillermo Lasso',LassoGuillermo,2016-11-29 12:18:23,224,250,b'Capitalizaremos el Banco Nacional de Fomento con $1.000 MM y daremos cr\xc3\xa9dito a 30 a\xc3\xb1os a ganaderos y agricultores para capitalizar negocios.'
803573447616032768,b'Guillermo Lasso',LassoGuillermo,2016-11-29 12:16:54,208,192,b'Con una zona franca de turismo estimularemos la creaci\xc3\xb3n de empleo en el turismo exonerando 30 a\xc3\xb1os el pago de impuestos a nuevos hoteles.'
803572859159400448,b'Guillermo Lasso',LassoGuillermo,2016-11-29 12:14:33,176,143,b'Para reactivar la econom\xc3\xada y lograr #1MillonDeEmpleos hay que dejar el dinero en el bolsillo de los ciudadanos y emprendedores. @ecuavisa'
803572596293959680,b'Guillermo Lasso',LassoGuillermo,2016-11-29 12:13:31,172,117,b'Nuestra propuesta es muy clara: Reducir en $3.000 millones el aporte tributario que realizan los ciudadanos ecuatorianos. @ecuavisa'
803569572729098242,b'Guillermo Lasso',LassoGuillermo,2016-11-29 12:01:30,63,71,b'\xc2\xa1Buenos d\xc3\xadas! En breve empezamos la entrevista en #ContactoDirecto en @ecuavisa. \xc2\xa1No se la pierdan!'
803404282649309185,b'Guillermo Lasso',LassoGuillermo,2016-11-29 01:04:42,230,214,b'Video resumen sobre nuestra visita y compromiso con los trabajadores de la Refiner\xc3\xada de Esmeraldas injustamente des\xe2\x80\xa6 https://t.co/Jd5vxoqqb6'
803765395467464704,b'Guillermo Lasso',LassoGuillermo,2016-11-30 00:59:38,183,218,"b'Sangre manabita corre por mis venas y hoy, aqu\xc3\xad, confirmo que nuestro proyecto del CAMBIO crece y crece cada d\xc3\xada m\xc3\xa1\xe2\x80\xa6 https://t.co/ft4ByOTZyI'"
803765027547201536,b'Guillermo Lasso',LassoGuillermo,2016-11-30 00:58:10,177,197,"b'Hay tanto cari\xc3\xb1o por #Manab\xc3\xad. Mi madre naci\xc3\xb3 en Portoviejo, aqu\xc3\xad lanc\xc3\xa9 mi campa\xc3\xb1a en el 2013. Nuestro primer candid\xe2\x80\xa6 https://t.co/S5lKjy7qGk'"
804467507474087940,b'Guillermo Lasso',LassoGuillermo,2016-12-01 23:29:34,346,234,b'CORREISMO-MORENISMO SE DESPIDE CON M\xc3\x81S IMPUESTOS: LEY DE PLUSVAL\xc3\x8dA https://t.co/Yf63chaRFu'
804330526136037381,b'Guillermo Lasso',LassoGuillermo,2016-12-01 14:25:15,157,180,b'Necesitamos una prensa libre e independiente como el mejor aliado de un gobierno honesto. Vamos a recuperar la institucionalidad.'
804330284929916928,b'Guillermo Lasso',LassoGuillermo,2016-12-01 14:24:18,195,219,"b'Pediremos a la ONU una comisi\xc3\xb3n que venga al pa\xc3\xads para reformar la justicia, sin que los pol\xc3\xadticos, ni el gobierno metan mano en el proceso.'"
804330023708663812,b'Guillermo Lasso',LassoGuillermo,2016-12-01 14:23:16,147,160,b'Luego con @diegooquendo en Radio Visi\xc3\xb3n conversamos sobre la justicia y la lucha contra la corrupci\xc3\xb3n. Derogaremos\xe2\x80\xa6 https://t.co/K4dN3i3gCP'
804328590464733184,b'Guillermo Lasso',LassoGuillermo,2016-12-01 14:17:34,96,107,b'En @radiosonorama expliqu\xc3\xa9 la Ley del Primer Emprendimiento para que los j\xc3\xb3venes tengan los incentivos necesarios y\xe2\x80\xa6 https://t.co/mVacgPUyKb'
804661916186578944,b'Guillermo Lasso',LassoGuillermo,2016-12-02 12:22:05,136,149,"b'Necesitamos un gobierno responsable que priorice los gastos en salud, educaci\xc3\xb3n, seguridad; y no en una ""Refiner\xc3\xada del Pac\xc3\xadfico"".'"
804661793561935872,b'Guillermo Lasso',LassoGuillermo,2016-12-02 12:21:36,158,141,b'El sector privado genera empleo y no el gobierno. Los \xc3\xbaltimos 10 a\xc3\xb1os nos han vendido la idea contraria. El resultado es la crisis actual.'
804661310726225920,b'Guillermo Lasso',LassoGuillermo,2016-12-02 12:19:41,104,114,"b'Nosotros privilegiamos la econom\xc3\xada de los ciudadanos, de las familias ecuatorianas; por encima de la econom\xc3\xada de un gobierno.'"
804661220058005506,b'Guillermo Lasso',LassoGuillermo,2016-12-02 12:19:19,102,122,b'La idea es poner dinero en el bolsillo de los ciudadanos para que puedan alcanzar sus sue\xc3\xb1os y puedan mantener a sus familias dignamente.'
804661117188538368,b'Guillermo Lasso',LassoGuillermo,2016-12-02 12:18:54,171,164,"b'Y en caso de ser aprobada la Ley de Plusval\xc3\xada, este impuesto a los sue\xc3\xb1os tambi\xc3\xa9n ser\xc3\xa1 derogado por el Gobierno del Cambio.'"
804660215148937216,b'Guillermo Lasso',LassoGuillermo,2016-12-02 12:15:19,114,113,b'\xc2\xbfC\xc3\xb3mo logramos crecimiento? Nuestra propuesta contempla la eliminaci\xc3\xb3n del anticipo al impuesto a la renta y 12 impuestos m\xc3\xa1s.'
804655927370665985,b'Guillermo Lasso',LassoGuillermo,2016-12-02 11:58:17,100,118,b'\xc2\xa1Buenos d\xc3\xadas! Empezamos la entrevista en @desayunos24 en @teleamazonasec. \xc2\xa1No se la pierdan! https://t.co/fynJDssMOZ'
804510231640309760,b'Guillermo Lasso',LassoGuillermo,2016-12-02 02:19:20,86,50,b'Los invito ma\xc3\xb1ana 07h00 a ver mi entrevista en @teleamazonasec \xf0\x9f\x93\xba #VamosPorElCambio https://t.co/DvRv88SH5P'
804494277892075520,b'Guillermo Lasso',LassoGuillermo,2016-12-02 01:15:57,122,140,b'Listos es 3...2.......1!! #VivaQuito https://t.co/RsGXDLUgAT'
804488328116629504,b'Guillermo Lasso',LassoGuillermo,2016-12-02 00:52:18,128,127,b'\xc2\xa1Viviendo ya las fiestas de #Quito !Estamos con @eduardodelp y una gran cantidad de quite\xc3\xb1os en la partida de la ca\xe2\x80\xa6 https://t.co/XvZObmXco1'
804840902686556160,b'Guillermo Lasso',LassoGuillermo,2016-12-03 00:13:19,195,241,b'Esta tarde caminando por Flor de Basti\xc3\xb3n en #Guayaquil. Vamos a llevar la propuesta de empleo y cambio a todo el Ec\xe2\x80\xa6 https://t.co/yjjHqQsxHt'
805512029050114049,b'Guillermo Lasso',LassoGuillermo,2016-12-04 20:40:08,160,221,b'Felicitaciones a @BarcelonaSCweb y a su hinchada por la estrella 15 \xe2\xad\x90\xef\xb8\x8f \xc2\xa1Salud CAMPEONES! #BSC https://t.co/axhoQ7V0Gg'
806170170389622784,b'Guillermo Lasso',LassoGuillermo,2016-12-06 16:15:21,192,173,b'Junto a nuestros candidatos a la Asamblea @MaElisaHolmes @GomezRobertoA @hectoryepezm recorrimos Flor de Basti\xc3\xb3n\xe2\x80\xa6 https://t.co/texYHaP1Tf'
805929421802795008,b'Guillermo Lasso',LassoGuillermo,2016-12-06 00:18:42,244,338,"b'Con Mar\xc3\xada de Lourdes y tres de mis hijos en la feria de las ""Huecas"" de comida nacional en #Quito. Adem\xc3\xa1s conociero\xe2\x80\xa6 https://t.co/t81XyGelQ9'"
806561215380131840,b'Guillermo Lasso',LassoGuillermo,2016-12-07 18:09:13,161,179,"b'Reuni\xc3\xb3n estrat\xc3\xa9gica de la Alianza por el Cambio. Trabajo, trabajo y m\xc3\xa1s trabajo para llevar a todo el Ecuador la pr\xe2\x80\xa6 https://t.co/xtL661XwK8'"
806559329985896448,b'Guillermo Lasso',LassoGuillermo,2016-12-07 18:01:44,119,135,b'Hoy desayunamos en Caf\xc3\xa9 de Tere. Dos bolones de chicharr\xc3\xb3n para coger fuerzas y continuar trabajando\xe2\x80\xa6 https://t.co/ckh6x2IDbF'
806487520829698048,b'Guillermo Lasso',LassoGuillermo,2016-12-07 13:16:23,262,287,b'Necesitamos un gobierno que deje trabajar. Que el dinero se quede en el bolsillo de los ciudadanos y que no pase a manos del Gobierno.'
806484497348907008,b'Guillermo Lasso',LassoGuillermo,2016-12-07 13:04:22,201,231,b'Motivaremos la creaci\xc3\xb3n de empleos con est\xc3\xadmulos tributarios. Los emprendedores podr\xc3\xa1n crear su empresa en un d\xc3\xada v\xc3\xada internet y sin costo.'
806483523892838401,b'Guillermo Lasso',LassoGuillermo,2016-12-07 13:00:30,174,139,b'Para crear #1MillonDeEmpleos hay que reducir el exceso de impuestos. Hay que eliminar el anticipo de impuesto a la renta. @WQRadio_EC'
806479544316207104,b'Guillermo Lasso',LassoGuillermo,2016-12-07 12:44:41,154,175,b'\xc2\xa1Buenos d\xc3\xadas! Empec\xc3\xa9 la jornada a las 05h30 para presentar nuestro plan #1MillonDeEmpleos en la entrada de la 8\xe2\x80\xa6 https://t.co/fLJ5Dc5JCn'
806308088894681088,b'Guillermo Lasso',LassoGuillermo,2016-12-07 01:23:23,206,216,b'\xc2\xa1Junto a @GuillermoCeli vamos a levantar a #Manabi y al Ecuador! #VamosPorElCambio #1MillonDeEmpleos https://t.co/aj8sTK2LOO'
807011268292968448,b'Guillermo Lasso',LassoGuillermo,2016-12-08 23:57:34,131,129,"b'Mantengamos la esperanza, ustedes tienen el poder de construir la unidad. Los due\xc3\xb1os del voto son ustedes. \xc2\xa1Muchas\xe2\x80\xa6 https://t.co/RToXW4K3Cw'"
807008241049800705,b'Guillermo Lasso',LassoGuillermo,2016-12-08 23:45:32,82,91,b'Vamos a aprobar la ley del primer emprendimiento. Una ley que promueva un fondo de capitalizaci\xc3\xb3n a los emprendedor\xe2\x80\xa6 https://t.co/FA9JrHP9Pg'
807007679407329280,b'Guillermo Lasso',LassoGuillermo,2016-12-08 23:43:18,140,106,"b'Eliminaremos impuesto de salida de divisas, impuesto a tierras agr\xc3\xadcolas. El dinero en manos de los ciudadanos gene\xe2\x80\xa6 https://t.co/JVtq2tLjLU'"
807006935425974272,b'Guillermo Lasso',LassoGuillermo,2016-12-08 23:40:21,99,87,b'\xc2\xbfC\xc3\xb3mo vamos a generar empleo?Empezaremos eliminando el exceso de impuestos. Empezando por el anticipo al impuesto a\xe2\x80\xa6 https://t.co/zgI4H8fdLh'
807005672302931968,b'Guillermo Lasso',LassoGuillermo,2016-12-08 23:35:20,96,95,"b'En mi vida he creado m\xc3\xa1s de 100 mil empleos. A mi no me lo han contado. Ahora, desde el sector p\xc3\xbablico me compromet\xe2\x80\xa6 https://t.co/LvoXMlA1rk'"
807004445691219970,b'Guillermo Lasso',LassoGuillermo,2016-12-08 23:30:27,70,78,b'Estamos en@UDLAQuito en el auditorio para un conversatorio con los estudiantes #VotoResponsable2017 https://t.co/Lit6xtcsPx'
806923242275532800,b'Guillermo Lasso',LassoGuillermo,2016-12-08 18:07:47,166,166,b'\xc2\xa1Gracias a todos ustedes por escuchar nuestra propuesta y \xc3\xa9xitos en sus estudios! @USFQ_Ecuador https://t.co/TG7P00583Y'
806919720742031360,b'Guillermo Lasso',LassoGuillermo,2016-12-08 17:53:47,173,181,b'\xc2\xbfCu\xc3\xa1ntos de ustedes no sue\xc3\xb1an con un empleo digno al terminar la universidad? Eso queremos para los j\xc3\xb3venes del Ecu\xe2\x80\xa6 https://t.co/FUfGPeb4Jm'
806919449290964992,b'Guillermo Lasso',LassoGuillermo,2016-12-08 17:52:43,169,165,b'Vamos a respetar la libertad de los j\xc3\xb3venes ecuatorianos. Todos merecen la oportunidad de estudiar y de elegir su carrera @USFQ_Ecuador'
806918349653442560,b'Guillermo Lasso',LassoGuillermo,2016-12-08 17:48:21,155,140,b'Necesitamos acuerdos de comercio. Para que llegue comercio a los puertos de Ecuador y del Ecuador salgan productos\xe2\x80\xa6 https://t.co/W8HHmIm1hd'
806917806637936641,b'Guillermo Lasso',LassoGuillermo,2016-12-08 17:46:11,120,159,"b'Queremos producir m\xc3\xa1s. Zonas francas de comercio, de turismo. M\xc3\xa1s Ecuador en el mundo y m\xc3\xa1s mundo en el Ecuador @USFQ_Ecuador'"
806917434556956672,b'Guillermo Lasso',LassoGuillermo,2016-12-08 17:44:42,118,138,b'Para lograr el desarrollo necesitamos trabajar juntos los 16 millones de ecuatorianos @USFQ_Ecuador https://t.co/NMuqMldz7N'
806916751564959744,b'Guillermo Lasso',LassoGuillermo,2016-12-08 17:42:00,157,181,b'Eliminaremos el exceso de impuestos. Son 12 impuestos los que vamos a derogar en el gobierno del CAMBIO y 13 con el\xe2\x80\xa6 https://t.co/wYs1tyh8PI'
806915337119731712,b'Guillermo Lasso',LassoGuillermo,2016-12-08 17:36:22,116,140,"b'El principal problema que tiene el Ecuador es la falta de empleo. Yo se crear empleo, voy a cumplir\xe2\x80\xa6 https://t.co/sUyDRm99Nh'"
806914674436489216,b'Guillermo Lasso',LassoGuillermo,2016-12-08 17:33:44,127,146,"b'Un d\xc3\xada decid\xc3\xad que lo que hice por mi familia, prosperar y darle seguridad ahora quiero hacerlo por todos los ecuato\xe2\x80\xa6 https://t.co/4Nq8tkI1kj'"
806913964131151873,b'Guillermo Lasso',LassoGuillermo,2016-12-08 17:30:55,108,129,"b'La formalidad crea valor, actuar con seriedad. Administrar con pulcritud los recursos @USFQ_Ecuador https://t.co/GGhzBdqhPP'"
806913354451349505,b'Guillermo Lasso',LassoGuillermo,2016-12-08 17:28:30,132,150,"b'Emprender ha sido mi principal actividad. A los j\xc3\xb3venes les digo, un emprendedor es un so\xc3\xb1ador, que no se detiene,\xe2\x80\xa6 https://t.co/C16vcpepJl'"
806912626223644672,b'Guillermo Lasso',LassoGuillermo,2016-12-08 17:25:36,96,119,"b'Empezamos el evento #TuVoto2017 en la @USFQ_Ecuador toma la palabra Patricio Calvache, Presidente de la Universidad https://t.co/XpIxqZGGrB'"
806893353417719808,b'Guillermo Lasso',LassoGuillermo,2016-12-08 16:09:01,117,159,b'Necesitamos emprendedores a los que les quede chico el Ecuador y no que el Ecuador achique a los emprendedores\xe2\x80\xa6 https://t.co/CaZNbzxsza'
806893340033777665,b'Guillermo Lasso',LassoGuillermo,2016-12-08 16:08:58,117,151,b'Empezamos esta ma\xc3\xb1ana en Quito con una reuni\xc3\xb3n del Comit\xc3\xa9 Empresarial Ecuatoriano. Presentamos nuestra propuesta\xe2\x80\xa6 https://t.co/F8H6G9rzQU'
806670954478845955,b'Guillermo Lasso',LassoGuillermo,2016-12-08 01:25:17,174,198,b'Esta tarde recorrimos el sector de La Playita en el Guasmo Sur. Seguiremos trabajando para llevar nuestra propuesta\xe2\x80\xa6 https://t.co/HEkrD2Xwqz'
